NAMA PERUSAHAAN,LABA_PER_SAHAM,CURRENT RATIO,DEBT RATIO ,DEBT TO EQUITY RATIO,ROA,ROE,NPM
AALI,763.3400000000,3.257954193,0.306941087,0.442878781,0.052000957,0.075031078,0.085715377
ABDA,187.0000000000,2.379368382,0.420279603,0.724969495,0.046449159,0.080123383,0.25527379
ABMM,490.8731700000,3.690005932,0.271002274,8846.391603,1.21447E-05,0.396443935,0.154696357
ACES,18.8700000000,2.896263471,0.345272455,0.762996889,0.029331914,0.064818837,0.068982155
ACST,-60.0000000000,1.879434812,0.532074852,1.137093946,-0.128936006,-0.275548359,-0.360613685
ADCP,6.0000000000,1.541499831,0.648718852,1.846722646,0.021804271,0.062070712,0.231263769
ADES,242.0000000000,3.758533729,0.266061202,0.362511427,0.124318482,0.169385352,0.231876742
ADHI,4.7796874333,1.159206075,0.862659385,6.281167343,0.000564551,0.004110592,0.003130355
ADMF,753.0000000000,1.527373928,0.654718522,1.896187785,0.031358261,0.090819412,0.120123441
ADMG,15.7377000000,5.3029206,0.18857533,0.232400291,0.020203956,0.024899361,0.030204185
ADRO,143.0700000000,2.547301952,0.392572227,0.646286266,0.073840693,0.121562919,0.204594339
AGAR,5.2000000000,2.483833471,0.40260348,0.673930073,0.02780188,0.046538403,0.018359307
AGII,56.6800000000,1.789375885,0.558854072,1.2668236,0.022217102,0.05036225,0.08621347
AGRO,-84.4500000000,1.139816215,0.877334422,7.152246274,-0.089206985,-0.727237308,-1.421457459
AGRS,-0.2100000000,1.184944893,0.843921102,5.407016023,-0.000160605,-0.001028999,-0.002963616
AHAP,0.8200000000,0.035510887,28.16037805,3.335604142,0.142048221,0.016825649,0.003705577
AIMS,3.1800000000,2.016404624,0.495932209,0.983860144,0.026206537,0.051990104,0.025357051
AISA,1.9300000000,1.761230012,0.56778501,1.313663393,0.00921549,0.021321542,0.0164549
AKKU,-0.3603944404,0.268253725,3.727814027,0.241841938,-0.060794231,-0.003944026,-1.568570002
AKPI,220.0000000000,1.821941498,0.548865044,1.216631601,0.041863821,0.092796669,0.068074811
AKRA,201.9000000000,2.060477383,0.485324424,0.942971549,0.03924712,0.076256037,0.04848891
AKSI,32.9700000000,1.932291421,0.517520281,1.072625981,0.087837741,0.182054784,0.064082876
ALDO,48.9100000000,2.406857052,0.415479598,0.71080427,0.062073857,0.106196219,0.066708663
ALKA,17.3300000000,1.331529528,0.751016015,3.016322573,0.035949399,0.144384383,0.008714469
ALMI,-90.1341000000,0.781016164,1.280383232,-4.566547093,-0.047496397,0.169398137,-0.051517779
ALTO,2.9900000000,1.50463758,0.664611873,1.981620157,-0.006006408,-0.017908827,-0.024753047
AMAG,21.5100000000,1.59882493,0.625459349,1.669937155,0.022062319,0.058905005,0.062827237
AMAN,1.1100000000,3.475338344,0.287741768,0.403985177,0.0051806,0.007273485,0.086579458
AMAR,0.0700000000,1.370058848,0.729895655,2.70227291,0.000143522,0.000531358,0.001186984
AMIN,4.9100000000,1.877842991,0.532525885,1.139155875,0.016897184,0.03614571,0.04192324
AMRT,26.6600000000,0.743985169,1.344112815,2.189101023,0.083399715,0.135829671,0.018029607
ANDI,0.5500000000,2.165600126,0.461765766,0.857927155,0.008125915,0.015097357,0.015300753
ANJT,112.4959410000,2.857966946,0.349899078,0.538222708,0.040482568,0.062271205,0.136117473
ANTM,71.1800000000,2.570112463,0.389088032,0.636897053,0.051363861,0.084077352,0.064603534
APEX,15.7377000000,1.590837473,0.628599726,1.692512823,0.008499628,0.022885358,0.071313543
APIC,10.8100000000,1.522427232,0.656845844,1.914142179,0.021483698,0.062606549,0.080732527
APII,16.0000000000,3.060553703,0.326738263,0.485306449,0.035199101,0.052281452,0.095245079
APLI,8.8100000000,2.064771221,0.484315158,0.939168885,0.028360521,0.05499584,0.040565304
APLN,-20.4800000000,1.559074439,0.641406192,1.788670577,-0.010253946,-0.028594878,-0.107297339
ARCI,32.9061000000,1.456685546,0.686489958,2.189690495,0.084055835,0.268112098,0.242415851
ARGO,-143.2100000000,0.451903357,2.212862517,-1.824495758,-0.052141222,0.042990217,-1.21528706
ARII,55.7973000000,1.111915541,0.899348883,8.935309557,0.00272723,0.027095878,0.015283906
ARKA,0.3700000000,1.251859366,0.798811773,3.970469772,0.001619607,0.008050205,0.015004694
ARNA,47.3300000000,2.955399666,0.338363712,0.511404404,0.160413422,0.242449553,0.18630654
ARTA,-8.0000000000,8.596755587,0.116322953,0.131635142,-0.025000452,-0.028291391,-0.501505773
ARTI,-6.5700000000,0.794734782,1.258281408,-4.871745968,-0.064180058,0.248488881,-16.44692318
ARTO,-2.4900000000,3.858105629,0.259194562,0.3498821,-0.002969962,-0.004009099,-0.08466698
ASBI,-9.5170959797,1.550133575,0.645105697,1.817740355,-0.003832939,-0.010800226,-0.006837848
ASDF,807.0000000000,1.298166765,0.770317055,3.353827846,0.023293246,0.101414782,0.183976973
ASDM,50.0000000000,1.534116317,0.651841056,1.872251359,0.00967132,0.027778461,0.007687652
ASGR,27.4300000000,3.059319682,0.326870057,0.485597262,0.015679191,0.023292963,0.01850442
ASII,370.0000000000,2.372670523,0.421466019,0.728506938,0.052504148,0.090753784,0.113606767
ASJT,0.7000000000,2.369715405,0.421991602,0.730078669,0.001804019,0.003121095,0.005103425
ASMI,5.2700000000,2.041738799,0.489778614,0.962935095,0.045331468,0.089124474,0.091801078
ASPI,-0.1400000000,3.451387823,0.28973852,0.407932189,-0.001054646,-0.00148487,-0.017870016
ASRI,-7.0700000000,1.741781471,0.574124835,1.348105931,-0.006568891,-0.015424453,-0.080453653
ASRM,181.6600000000,1.473501401,0.678655615,2.111926171,0.032618026,0.101504888,0.037307221
ASSA,22.5500000000,1.587040527,0.630103632,1.703459904,0.011788288,0.031869163,0.019972208
ATAP,4.3600000000,5.137746354,0.194637869,0.241677453,0.056114132,0.069675653,0.113773522
ATIC,-32.2100000000,1.084545195,0.922045485,11.82799332,-0.011805434,-0.151440023,-0.011432227
AUTO,92.0000000000,3.299656402,0.303061858,0.434847571,0.027436749,0.039367552,0.04138192
BABP,0.2300000000,1.163048462,0.8598094,6.133145865,0.000425502,0.003035169,0.006721383
BACA,2.9600000000,1.081447977,0.924686181,12.27777581,0.000947323,0.012578337,0.014672094
BAJA,67.8351005906,1.404325058,0.712085848,2.473257546,0.14180393,0.492521571,0.103478984
BALI,34.0500000000,1.885010736,0.530500957,1.129929796,0.027321994,0.058193929,0.192900762
BANK,-6.8199078662,14.53307603,0.068808558,0.07389303,-0.051358191,-0.055153203,-2.062389621
BAPA,-4.1600000000,16.36095512,0.061121126,0.065100119,-0.02022263,-0.021539126,-0.811976079
BAPI,-0.7700000000,3.121657364,0.320342652,0.471329639,-0.006920414,-0.01018221,-1.07506342
BAYU,-44.0400000000,2.387990114,0.418762203,0.720466227,-0.022732509,-0.039110513,-0.059193953
BBCA,941.0000000000,1.203785598,0.830712713,4.907118114,0.019851013,0.117262279,0.355964262
BBHI,18.8658260693,1.229367401,0.813426482,4.359817469,0.01242745,0.066608863,0.96683873
BBKP,-11.0494666679,1.099664157,0.90936855,10.03369745,-0.004044908,-0.044630292,-0.079621386
BBLD,7.4800000000,1.506431129,0.66382059,1.974602159,0.003377201,0.010045829,0.030138791
BBMD ,86.5400000000,1.345231113,0.74336669,2.896610307,0.021523709,0.083869505,0.351243386
BBNI ,416.0000000000,1.153376539,0.867019543,6.519901972,0.008453315,0.063568102,0.145788357
BBRI ,154.0000000000,1.209245963,0.82696162,4.779064726,0.011773279,0.068038541,0.173258812
BBRM,0.7153500000,1.288700928,0.775975231,3.463792122,0.007972158,0.035586058,0.049896488
BBSI ,20.0000000000,3.046319537,0.328264973,0.488682233,0.029753914,0.044294123,0.499338764
BBSS,-0.1700000000,63.14394753,0.015836831,0.016091672,-0.003205959,-0.003257548,-0.120614896
BBTN ,143.0000000000,1.059212952,0.944097217,16.88819693,0.004117302,0.073651115,0.074411748
BBYB ,-44.9700000000,1.15848228,0.863198357,6.309853711,-0.03273873,-0.239315324,-0.472167347
BCAP ,0.5500000000,1.358772654,0.735958291,2.787280438,0.001211765,0.004589296,0.01361397
BCIP,0.4800000000,1.880167275,0.53186757,1.136147671,0.00087462,0.001868317,0.022864535
BDKI ,127.2420000000,1.190801108,0.8397708,5.241059699,0.009509252,0.059347809,0.166752829
BDMN ,144.1600000000,1.311840483,0.762287803,3.206767738,0.007800577,0.032815218,0.090940552
BEBS,9.0000000000,4.84830472,0.206257663,0.259854682,0.092050612,0.115970394,0.224129423
BEEF,-55.0000000000,0.87465649,1.143305985,-7.978075621,0.154701693,-1.07952011,0.837361193
BEKS ,-332.0000000000,1.239754983,0.806610995,4.170924788,-0.020188192,-0.104391624,-0.621767982
BELL,0.3872035964,1.954600438,0.511613515,1.047558706,0.008972437,0.018371591,0.016275712
BESS,20.4800000000,2.657563408,0.376284531,0.603295171,0.124240584,0.199194328,0.281015041
BEST,-9.4000000000,3.378082429,0.296025932,0.420506871,-0.014958999,-0.021249361,-0.771724899
BFIN ,53.0000000000,1.964355836,0.509072736,1.036961631,0.054353522,0.110716038,0.266894843
BGTG ,0.5500000000,1.174305997,0.8515668,5.737037268,0.000797401,0.005372121,0.023102385
BHAT ,1.2500000000,4.067252408,0.245866226,0.326024685,0.008968654,0.011892657,0.074394569
BHIT ,4.8719933540,2.372242528,0.421542059,0.728734156,0.027544538,0.047617184,0.142056731
BIKA ,14.8000000000,0.926710554,1.079085584,-13.64452944,0.032062144,-0.40541072,0.293499349
BIMA,-40.0000000000,1.030071971,0.970805952,33.25355703,-0.103554929,-3.547124666,-0.812205587
BINA ,5.1700000000,1.111963256,0.899310291,8.931501563,0.002458944,0.024421008,0.050596196
BIPI,3.7055130000,1.704737316,0.58660064,1.418968426,0.01909009,0.046178326,0.419510802
BIPP,-0.5000000000,2.244966164,0.445441012,0.803234681,0.005218831,0.009410777,0.041228375
BIRD,-26.0000000000,4.286287693,0.233302119,0.304294722,-0.010012788,-0.013059627,-0.045746143
BISI,75.0000000000,5.719702675,0.174834263,0.211877754,0.072607466,0.087991373,0.152428694
BJBR ,144.2200000000,1.084402941,0.922166441,11.84792843,0.008870366,0.113965825,0.128866981
BJTM ,78.9400000000,1.136977686,0.879524737,8.415822869,0.01173628,0.112299806,0.225484406
BKDP,-4.1300000000,2.371723862,0.421634245,0.729009699,-0.039841048,-0.068885558,-2.5016882
BKSL,4.6700000000,2.63038676,0.38017223,0.613351399,0.017585377,0.028371393,0.114436538
BKSW ,36.4500000000,1.261980776,0.792405098,3.817073969,-0.000735768,-0.003544249,-0.016080982
BLTA,2.4321900000,1.899478125,0.526460393,1.111755775,0.06600036,0.139376641,0.335007135
BLTZ,-268.0000000000,1.323987551,0.755294111,3.086538347,-0.101722929,-0.415694652,-2.236384305
BLUE,23.0000000000,8.981430152,0.111340843,0.125290829,0.12784254,0.143860038,0.150810546
BMAS ,11.1800000000,1.103077054,0.906554983,9.701480232,0.003577636,0.038286003,0.070807987
BMHS,22.0000000000,2.938233364,0.340340564,0.515933746,0.111730453,0.169375963,0.213953298
BMRI ,412.3600000000,1.149337518,0.870066437,6.696240912,0.012853594,0.098924354,0.198846845
BMSR ,37.8800000000,1.259419251,0.794016765,3.854764033,0.05213852,0.253120213,0.019626316
BMTR,59.3000000000,3.176396961,0.314822112,0.459475003,0.054776393,0.079944777,0.182113004
BNBA ,15.1500000000,1.286842289,0.777096004,3.486236299,0.004824789,0.021645146,0.083584094
BNBR ,-23.9500000000,1.091438569,0.916221974,10.93630414,-0.00298489,-0.035628557,-0.028744979
BNGA ,126.3800000000,1.168242537,0.855986637,5.943800052,0.010660948,0.074027493,0.175421443
BNII ,13.9400000000,1.22218677,0.818205551,4.500718016,0.00705387,0.038801352,0.112132493
BNLI ,28.0000000000,1.197164844,0.835306855,5.071898122,0.003798544,0.023064375,0.078851687
BOGA ,2.4500000000,2.287969233,0.437068814,0.776416062,0.011685732,0.020758721,0.022337653
BOLA,19.0600000000,9.1928755,0.108779892,0.122057268,0.172315681,0.193348062,1.326608888
BOLT ,15.6800000000,2.400643818,0.416554923,0.713957387,0.034010561,0.058292652,0.051721461
BOSS,-77.9800000000,0.961902365,1.039606551,-26.24834817,-0.198395903,5.009168828,-7.414933149
BPII ,124.6400000000,2.074460108,0.482053136,0.930699979,0.03515669,0.067877021,0.13327134
BPTR ,5.2500000000,1.524662782,0.655882738,1.905986158,0.01199384,0.034853933,0.054663612
BRAM ,600.6153061316,4.085882209,0.244745186,0.324056439,0.071319478,0.094431015,0.105567727
BRIS ,54.8800000000,1.10629761,0.9039159,9.4075492,0.008991314,0.093577548,0.013131878
BRMS ,1.1445608000,7.09514897,0.140941368,0.164064899,0.008816671,0.010263177,0.748725583
BRNA ,-84.0000000000,1.634755748,0.611712179,1.575409129,-0.048298758,-0.124389064,-0.10914163
BRPT ,15.2766667308,1.919784794,0.520891718,1.087210842,0.030621394,0.063913305,0.116939423
BSDE ,44.5100000000,2.434010336,0.410844599,0.697345043,0.017177621,0.029156349,0.199798975
BSIM ,5.6200000000,1.185386852,0.843606455,5.394125789,0.002241471,0.014332249,0.033377734
BSSR ,567.9879000000,2.720317533,0.367604145,0.581288036,0.305065637,0.482396642,0.239347056
BTEK ,-2.5000000000,1.587543228,0.629904107,1.702002426,-0.027556801,-0.074458544,-0.952361988
BTON ,13.3700000000,5.039630245,0.198427256,0.247547409,0.038891325,0.048518772,0.117837456
BTPN ,254.0000000000,1.238884764,0.807177575,4.186118791,0.012976232,0.067296281,0.189733958
BTPS,142.0000000000,1.606877068,0.622325142,1.647780173,0.061597306,0.163096126,0.317963684
BUDI ,14.1000000000,1.806754628,0.553478588,1.239534258,0.02272725,0.050898456,0.026595146
BUKA ,-11.0000000000,23.44049339,0.042661218,0.0445623,-0.045088189,-0.047097422,-0.83706042
BUKK ,112.0000000000,2.517254256,0.397258242,0.659085315,0.057997848,0.096223378,0.1074525
BULL ,2.8614000000,1.740017752,0.57470678,1.351318934,0.003417283,0.008035123,0.020705363
BUMI,0.8700000000,1.081862968,0.924331482,12.21553566,0.019252615,0.254433623,0.107007461
BVIC,4.7100000000,1.124682,0.889140219,8.020403898,0.001736933,0.015667839,0.027654855
BWPT,-55.0100000000,1.163644939,0.859368667,6.110790892,-0.141435274,-1.005716655,-0.817230989
BYAN,0.2000000000,3.147495078,0.317712967,0.465658809,0.363809648,0.533220815,0.388850222
CAKK,5.9300000000,2.141338833,0.466997555,0.876164002,0.012319188,0.023112818,0.027675153
CAMP,13.8300000000,7.906367393,0.126480335,0.144793919,0.070945304,0.081217753,0.106919286
CARE,0.5610000000,13.24334296,0.075509636,0.081677039,0.005287921,0.005719823,0.081139169
CARS,-26.0000000000,1.12895421,0.885775518,7.754690572,-0.084451238,-0.739344458,-0.10978365
CASA,1.2300000000,1.410596295,0.708920053,3.323544998,0.002164871,0.010149306,0.054651193
CASS,20.0000000000,0.666584327,1.500185288,1.670208377,0.192829126,0.214683363,0.119717103
CCSI,0.0500000000,4.20640763,0.237732547,0.311875505,0.080078863,0.105053499,0.124347527
CEKA,218.0000000000,6.311531846,0.158440142,0.188269605,0.081936605,0.097362778,0.035131349
CENT,-9.4000000000,1.397422645,0.715603117,2.516212935,-0.037139044,-0.130588787,-0.328168036
CFIN,18.7100000000,2.614702158,0.382452738,0.619309261,0.009552679,0.015468742,0.074837149
CINT,-25.8600000000,3.723253735,0.268582286,0.367207795,-0.052447612,-0.071706784,-0.131439474
CITA,95.0000000000,6.506071595,0.153702582,0.181617689,0.091256142,0.107829871,0.11995032
CITY,-2.5100000000,9.669766651,0.103415112,0.115343358,-0.014135535,-0.015765975,-0.449228226
CLAY,-33.2251645664,1.134927073,0.881113883,7.411411043,-0.073916523,-0.621742261,-5.492118586
CLEO,11.0000000000,3.684584869,0.271400995,0.372497071,0.100840979,0.138403948,0.170119415
CLPI,84.0600000000,3.480055864,0.287351709,0.403216724,0.037587581,0.052743523,0.041543638
CMNP,90.0000000000,3.439112239,0.290772714,0.409985233,0.032702528,0.046110082,0.250225167
CMNT,0.0000380000,0.258030724,3.875507483,3.407399692,0.100456927,0.088323117,0.064449928
CMRY,89.7800000000,2.508301609,0.398676139,0.66299737,0.386128152,0.642130101,0.223917528
CNKO,-8.4500000000,0.492410317,2.03082666,-1.970095205,-0.064388974,0.062463435,-0.107268954
CNTX,-286.5000000000,0.760844539,1.314328944,-4.181380581,-0.115695766,0.368072262,-0.192804432
COCO,7.6500000000,1.667346566,0.599755336,1.498471784,0.014751048,0.036855077,0.027194685
CPIN,163.0000000000,3.288901093,0.304052926,0.436890874,0.077027852,0.110680617,0.071158481
CSAP,31.0000000000,1.34594432,0.742972785,2.890638585,0.017267343,0.067180989,0.014751097
CSIS,8.2600000000,2.131117484,0.469237387,0.884081463,0.020553497,0.038724464,0.189830336
CSMI,-22.9800000000,1.113424033,0.898130425,8.81647369,-0.164310856,-1.612953195,-0.4095752
CSRA,87.0000000000,1.857138118,0.538462913,1.166673118,0.109842691,0.237993205,0.273701993
CTBN,-78.6885000000,4.360348526,0.229339465,0.297588179,-0.036233839,-0.047016601,-0.071687583
CTRA,55.0000000000,1.865180901,0.536141025,1.155827641,0.031666935,0.068268454,0.190771236
CTTH,-17.0000000000,1.438038437,0.695391705,2.282904687,-0.030551094,-0.10029633,-0.330410031
DADA,0.3700000000,1.972148514,0.507061204,1.028649415,0.003770326,0.00764867,0.045022066
DART,-96.0000000000,1.638367033,0.610363844,1.566496935,-0.04522483,-0.116069389,-1.395757196
DAYA,-15.3400000000,1.149033341,0.870296766,6.709907967,-0.058004992,-0.447213151,-0.052492055
DCII,72.0000000000,1.575682168,0.634645755,1.737069611,0.060401697,0.165323648,0.28394242
DEWA,1144.5600000000,1.898617252,0.526699101,1.112820834,0.002998226,0.006334714,0.007284454
DFAM,-6.0950000000,1.294591042,0.772444708,3.394536344,-0.071612681,-0.314704529,-0.3698342
DGIK,0.2800000000,2.855781325,0.350166867,0.538856592,0.001539573,0.002369182,0.006590901
DGNS,51.1800000000,5.46385697,0.183020896,0.224021515,0.261428173,0.319993708,0.255053339
DIGI,-7.7000000000,1.691704929,0.591119635,1.445703158,-0.34707071,-0.848831931,-0.458155122
DILD,-7.0000000000,1.58847183,0.629535873,1.699316687,-0.006773999,-0.018285169,-0.059452546
DIVA,1784.7300000000,11.18849188,0.089377551,0.098149953,0.534291094,0.586731739,0.34663182
DKFT,-7.0700000000,1.286014313,0.777596322,3.496328524,-0.041311696,-0.185750957,-0.099099716
DLTA,177.0000000000,4.072982797,0.24552031,0.325416726,0.000111057,0.000147197,0.000293026
DMAS,13.1700000000,9.496585481,0.105301006,0.117694338,0.097618266,0.109107383,0.485575575
DMMX,3.1600000000,9.007639882,0.111016872,0.124880741,0.217594582,0.244767955,0.316399167
DMND,22.0000000000,5.984218526,0.167106197,0.200633258,0.036098538,0.043341105,0.042755428
DNAR,0.9700000000,1.600951659,0.624628479,1.664027357,0.001667856,0.004443213,0.027506879
DNET,28.4800000000,2.570603122,0.389013765,0.636698085,0.024274536,0.039730087,0.793488997
DOID,-26.4679500000,1.216882501,0.821772028,4.610791539,-0.011567691,-0.064903903,-0.026984548
DPNS,56.2300000000,5.402807246,0.185088965,0.227127817,0.04828833,0.059255953,0.172014938
DSFI,6.2100000000,1.250905425,0.799420947,0.96585864,0.046665851,0.056381579,0.029433228
DSNG,39.2300000000,1.876822592,0.532815411,1.140481562,0.030374442,0.065015933,0.08396543
DSSA,1144.5600000000,2.543432477,0.39316947,0.647906543,0.044353858,0.073091013,0.094574231
DUTI,229.7500000000,3.417827994,0.292583478,0.413594351,0.030304344,0.042838049,0.341729327
DVLA,239.0000000000,3.210736165,0.311455052,0.452338011,0.122884331,0.178469585,0.170597953
DWGL,5.5400000000,0.994592711,1.005436687,-184.93555,0.046181637,-8.494444772,0.029665525
DYAN,-17.0000000000,2.161597709,0.462620772,0.860883241,-0.095646971,-0.177987846,-0.379467865
EAST,1.1700000000,24.29186078,0.041166052,0.042933453,0.018946136,0.019759559,0.159642421
EDGE,240.0000000000,4.314148624,0.231795445,0.301736619,0.06717985,0.087450471,0.192962115
EKAD,114.7031832764,7.754296694,0.128960761,0.148053905,0.073480989,0.084360136,0.188829104
ELSA,5.1500000000,2.107845644,0.47441804,0.902652825,0.005315528,0.010113604,0.006566213
EMTK,3.7200000000,9.270894751,0.107864454,0.120905903,0.020214406,0.022658447,0.05730175
ENRG,22.4619900000,1.667024368,0.599871255,1.499195603,0.016815198,0.042024468,0.060788383
ENZO,2.4800000000,2.39039739,0.418340484,0.719218841,0.020365188,0.035012215,0.006675815
EPAC,2.8400000000,1.995665158,0.501086064,1.004353714,0.002250532,0.004510861,0.007283294
EPMT,249.0000000000,3.147214779,0.317741263,0.465719596,0.068534004,0.100451633,0.035609716
ERAA,45.0000000000,2.250187915,0.444407328,0.799879752,0.071819613,0.129266668,0.025634272
ERTX,15.7377000000,1.357701216,0.736539077,2.795629301,0.018322285,0.069544603,0.019829645
ESIP,1.5800000000,2.730896099,0.366180171,0.577735429,0.011887525,0.018755369,0.026327437
ESSA,8.0119200000,1.558691444,0.641563796,1.78989675,0.009518417,0.0265554,0.032121855
ESTA,0.2700000000,3.542185244,0.282311605,0.393362365,0.001979764,0.002758529,0.022675966
ESTI,7.0104300000,1.36470027,0.732761634,2.741977681,0.018939206,0.070870087,0.045519081
EXCL,95.0000000000,1.406488214,0.710990671,2.460095925,0.014819548,0.051277059,0.051332782
FAPA,39.1000000000,1.582399385,0.631951712,1.71703478,0.019277753,0.052378325,0.069639534
FAST,-51.0000000000,1.420056925,0.704197122,2.380629718,-0.056785006,-0.191969078,-0.058254509
FILM,2.3400000000,27.12101413,0.036871778,0.038283353,0.014835142,0.015403081,0.105018848
FIRE,12.6900000000,3.131374942,0.319348535,0.469180706,0.034186269,0.050225807,0.026574509
FISH,615.2010000000,1.526652206,0.655028038,1.898786311,0.049679841,0.144011244,0.023540655
FITT,-8.7500000000,1.680960109,0.594898115,1.468514802,-0.088839256,-0.219301019,-0.974690652
FMII,3.6000000000,3.681606642,0.271620544,0.372910771,0.01124258,0.015435059,0.243708972
FOOD,-13.5500000000,1.734289755,0.576604917,1.36186021,-0.092981877,-0.219610195,-0.147828458
FORU,-2.3200000000,6.397132468,0.156320039,0.185283575,-0.024057337,-0.028514767,-0.031310778
FPNI,24.3219000000,2.607632485,0.383489624,0.622032715,0.055622027,0.090220748,0.031461071
FREN,-1.2100000000,1.433493802,0.697596319,2.306838056,-0.010585164,-0.035003423,-0.057801734
FUJI,6.4900000000,108.4842009,0.009217932,0.009303693,0.05621974,0.056742791,0.708389824
GAMA,-0.0050000000,4.538693041,0.220327744,0.282590207,-0.003662329,-0.004697267,-0.27588541
GDST,-2.4400000000,2.031302044,0.492295079,0.969648035,-0.012714167,-0.025042435,-0.018514733
GDYR,100.1490000000,1.668999632,0.599161307,1.494769134,0.023539022,0.058724426,0.024797991
GEMS,477.9839605923,1.871131514,0.534435978,1.147932297,0.278040185,0.597211494,0.188970141
GGRM,2149.0000000000,3.260786279,0.306674499,0.442323987,0.049663717,0.07163117,0.044906458
GGRP,47.2131000000,3.182689431,0.31419968,0.458150384,0.037712017,0.054989791,0.080018793
GHON,120.0000000000,3.802487545,0.26298574,0.35682585,0.067407239,0.091459884,0.529522685
GJTL,5.5500000000,1.571031103,0.636524635,1.751218094,0.000805363,0.002215728,0.001386064
GLOB,1.7600000000,0.016324924,61.25602909,-1.01659585,0.148704465,-0.002467877,0.062055988
GLVA,15.4700000000,1.718368462,0.581947366,1.392043294,0.045528931,0.108907173,0.020751482
GMFI,-19.7344892288,0.662450428,1.509546916,-2.962527825,-0.079227261,0.155485704,-0.235508926
GOLD,9.5800000000,10.71065273,0.093364991,0.102979689,0.034472202,0.038022139,0.371197022
GOOD,8.5600000000,1.790689392,0.558444141,1.26471913,0.056838766,0.12872384,0.058169328
GPRA,10.4200000000,2.651450309,0.37715208,0.605528361,0.02856802,0.045866767,0.178973796
GPSO,-9.0584043754,4.252947955,0.235131022,0.307413464,0.085643663,0.111971678,0.661392313
GSMF,-1.9600000000,1.476629453,0.67721797,2.098065895,-0.002801255,-0.008678471,-0.016092936
GTSI,-2.8614000000,2.118172613,0.472105056,0.894316305,-0.012139048,-0.022995197,-0.084289097
GWSA,6.2753659846,13.43634513,0.074425001,0.080409476,0.006272884,0.006777283,1.220608988
GZCO,-6.0000000000,2.05551912,0.48649511,0.947401123,-0.019831184,-0.038619271,-0.082901972
HAIS,28.8720000000,4.767119163,0.209770296,0.265454836,0.053578594,0.067801291,0.097559204
HDFA,4.0400000000,2.136123003,0.468137836,0.880186386,0.02468184,0.046406459,0.233828583
HDIT,-5.8800000000,8.690718522,0.115065285,0.130026863,-0.018673534,-0.021101595,-0.004155717
HEAL,51.3400000000,2.254872568,0.443484042,0.796893665,0.134079644,0.240926863,0.217072197
HELI,3.3000000000,1.866387034,0.535794549,1.154218566,0.009039444,0.019472939,0.052143484
HERO,179.0000000000,1.317141539,0.759219849,3.153166262,-0.165108138,-0.685721547,-0.168045705
HEXA,0.0500000000,2.093773641,0.477606548,0.914265953,0.142380998,0.272555097,0.12596394
HKMU,-3.7600000000,1.981705486,0.504615851,1.01863544,-0.013760222,-0.027776872,-0.038801925
HMSP,48.0000000000,2.277120747,0.439151064,0.783011318,0.113698514,0.202725738,0.076593322
HOKI,1.1925002475,3.055321446,0.327297804,0.486541899,0.011569342,0.017198311,0.018122792
HOMI,5.9700000000,1.876676057,0.532857014,1.140672193,0.018431702,0.039456232,0.123743549
HOTL,-7.7400000000,1.297113736,0.770942418,3.365714474,-0.02054076,-0.089675094,-0.741066088
HRME,-3.5962320000,3.489426447,0.286580048,0.401698954,-0.023044525,-0.032301486,-0.511138246
HRTA,33.2000000000,1.795469184,0.556957484,1.257119723,0.04604541,0.103930002,0.03919447
HRUM,206.0208000000,1,1,1.309469714,0.075076851,0.098310862,0.253049881
IATA,-5.7228040000,1.303818918,0.766977673,3.291434276,-0.091584478,-0.393028766,-0.645968933
IBFN,-50.3400000000,0.662983457,1.508333261,-2.967213393,-0.097383829,0.191574773,-7.513689625
ICBP,426.0000000000,1.970388999,0.507513999,1.030514568,0.056676585,0.115082631,0.142690874
ICON,3.8300000000,2.822655863,0.354276273,0.548649923,0.022110671,0.034241688,0.07654858
IDPR,-55.0000000000,1.756346948,0.569363588,1.322144557,0.076553011,0.177767158,0.187537119
IFII,6.1400000000,16.58682481,0.060288814,0.064156749,0.051333697,0.0546271,0.114110523
IFSH,21.0000000000,2.155224702,0.463988743,0.86563246,0.033059188,0.061676295,0.053105768
IGAR,55.3400000000,6.639028741,0.150624442,0.177335503,0.09744713,0.114727965,0.10879845
IKAI,-3.6700000000,2.709170277,0.369116703,0.585079213,-0.041013562,-0.065009745,-0.39993225
IKAN,0.0200000000,2.195855191,0.455403436,0.836221649,0.000110166,0.000202289,0.000208021
IKBI,0.0713450000,2.478578597,0.403457046,0.676325223,5.50394E-05,9.22639E-05,3.52124E-05
IMAS,-29.3300000000,1.344519825,0.743759951,2.902590581,-0.00186952,-0.007295972,-0.006647433
IMJS,2.1700000000,1.186761542,0.84262926,5.354421418,-0.000873403,-0.005549972,-0.007165633
IMPC,32.6900000000,2.393173382,0.417855224,0.71778575,0.05608319,0.096338904,0.09814293
INAF,0.9100000000,1.227367671,0.814751784,4.398162659,0.001212187,0.006543583,0.001892327
INAI,-29.6700000000,1.280324524,0.781051977,3.567294032,-0.013695056,-0.062549348,-0.018571893
INCF,3.6100000000,1.363726231,0.733285008,2.749320545,0.009537855,0.035760477,0.018167898
INCI,12.0000000000,3.94405293,0.253546293,0.339667806,0.004659311,0.006241929,0.006291139
INCO,177.4812000000,8.223396064,0.121604261,0.138439038,0.051161908,0.058244713,0.179095411
INDF,616.0000000000,1.930401982,0.51802682,1.074804246,0.046485305,0.096447909,0.109896561
INDO,1.6900000000,590.757554,0.001692742,0.001695612,0.007449003,0.007461634,1.085126622
INDR,1589.5077000000,2.052309198,0.487256014,0.950291038,0.06433203,0.125466182,0.085347524
INDS,219.6600000000,8.376051426,0.119387997,0.135573892,0.047906876,0.054401798,0.07632787
INDX,-0.4300000000,6.388315943,0.156535777,0.185586742,-0.0028941,-0.003431206,-0.050776916
INDY,-183.3764440460,1.301051052,0.768609348,3.321695754,-0.002279959,-0.009853289,-0.003894217
INKP,1022.0927944000,2.15555963,0.463916649,0.865381564,0.04534792,0.084591174,0.155899532
INOV,14.2100000000,1.590782751,0.62862135,1.692669596,0.028601583,0.077014613,0.05528902
INPC,1.6000000000,1.154609359,0.866093794,6.467913753,0.00095116,0.007103182,0.014710348
INPP,-4.3263468193,3.010230737,0.332200448,0.497455333,-0.008906595,-0.013337229,-0.264196238
INPS,-6.4800000000,1.362849463,0.733756755,2.755963842,-0.007115469,-0.026725444,-0.015269233
INRU,38.2712250000,1.488445378,0.67184192,2.047311828,0.007835741,0.023877946,0.031836521
INTA,-59.0000000000,0.650448436,1.537400884,-2.860808253,-0.079799603,0.148491759,-0.490356773
INTD,2.0000000000,4.873963053,0.205171847,0.258133592,0.023067552,0.029022063,0.025530479
INTP,0.0003282200,1,1,1.218419609,0.046017445,0.056068557,0.11389363
IPAC,1.6700000000,4.083593301,0.244882369,0.324296982,0.050545012,0.066936607,0.116099781
IPCC,9.1300000000,2.188967675,0.456836349,0.841065759,0.008824519,0.016246521,0.047721905
IPCM,17.1600000000,4.798706366,0.208389496,0.263247512,0.063513455,0.080233214,0.150887006
IPOL,14.7705112620,2.667905505,0.374825869,0.599554349,0.024571801,0.039303931,0.040615188
IPTV,6.1700000000,3.191331482,0.313348834,0.456343556,0.022007861,0.032051006,0.087794144
IRRA,53.0000000000,2.303635482,0.434096457,0.767085596,0.094593673,0.167155116,0.078173778
ISAT,1067.4100000000,1.368749357,0.730593951,2.711869137,0.08398688,0.311748308,0.254438737
ISSP,63.0600000000,2.226318954,0.449171938,0.815448539,0.064876193,0.117779389,0.116796296
ITIC,16.7600000000,2.4117235,0.414641231,0.708354009,0.031175128,0.053258155,0.090369863
ITMA,130.1937000000,16.65634717,0.060037173,0.063871859,0.044670204,0.047523373,52.08301306
ITMG,3.5767500000,3.200651359,0.312436404,0.454410916,0.179847899,0.261572747,0.205149829
JAST,-9.2800000000,2.162878942,0.462346727,0.85993474,-0.093599822,-0.174089561,-0.182681934
JAWA,-29.6000000000,1.075932184,0.929426607,13.16964614,-0.031206298,-0.442182194,-0.201967827
JAYA,10.0300000000,5.05313691,0.197896874,0.246722482,0.044630166,0.055641431,0.074354242
JECC,-332.2600000000,1.632371169,0.612605772,1.581349765,-0.028419178,-0.073359838,-0.039695644
JGLE,-2.3900000000,2.549540184,0.392227589,0.645352738,-0.016476896,-0.027110306,-1.050656296
JIHD,-47.9900000000,3.442666499,0.290472516,0.409388674,-0.022920255,-0.032303548,-0.24197743
JKON,0.0000000000,2.663863484,0.375394612,0.601010846,-0.021614507,-0.034605061,-0.045784985
JPFA,129.0000000000,1.737628571,0.575496983,1.35569586,0.054576249,0.128565043,0.049275474
JRPT,53.8500000000,3.223191663,0.310251485,0.449803774,0.056530843,0.081958629,0.390635332
JSKY,1.0000000000,2.058599683,0.485767101,0.944644152,0.004184899,0.00813814,0.016177691
JSMR,103.2600000000,1.315866243,0.759955661,3.16589703,0.002100677,0.008751205,0.020809033
JTPE,20.1600000000,2.540994865,0.393546643,0.648931429,0.026869022,0.044305175,0.058154283
KAEF,53.0600000000,1.623889781,0.615805341,1.602847219,0.015637433,0.040701849,0.031041214
KARW,-371.9820000000,0.345875054,2.89121747,-1.528759921,-0.080598191,0.042617093,-0.878591888
KAYU,0.2200000000,3.71556582,0.269138012,0.368247381,0.001368083,0.001871876,0.033599499
KBAG,0.2400000000,5.663445526,0.176570958,0.214433726,0.003760584,0.00456698,0.081049384
KBLI,5.2200000000,5.870907103,0.17033143,0.161973051,0.009135686,0.008687387,0.018636593
KBLM,-9.0000000000,3.637345657,0.274925755,0.379169108,-0.009184064,-0.012666377,-0.011668645
KBLV,118.0000000000,1.277421233,0.782827132,3.60462676,0.030647615,0.141120829,1.961985421
KDSI,153.7300000000,2.132316478,0.468973537,0.883145322,0.045638259,0.085943474,0.039311618
KEEN,10.0149000000,2.104898448,0.475082302,0.905060552,0.010328505,0.019676428,0.117734265
KEJU,69.9300000000,3.574564275,0.279754377,0.38841524,0.138370161,0.19211524,0.142584421
KIAS,-1.0100000000,6.531074111,0.153114171,0.18079671,-0.015764873,-0.01861511,-0.038735948
KICI,63.0000000000,2.147752351,0.465603029,0.871268091,0.094562151,0.176951136,0.166026082
KIJA,-8.7300000000,1.988122508,0.502987113,1.012020263,-0.010387614,-0.02090009,-0.077547808
KINO,58.0000000000,1.982401268,0.504438741,1.017913996,0.015384671,0.031044943,0.027914072
KIOS,3.0500000000,40.26780251,0.024833737,0.025466156,0.034618591,0.035500193,0.007882508
KJEN,-3.9200000000,8.236052219,0.121417394,0.138196902,-0.027735388,-0.031568333,-0.271631696
KKGI,27.1833000000,4.214141779,0.23729624,0.311125043,0.076815799,0.100715117,0.11482288
KLBF,48.8100000000,5.67639236,0.176168231,0.213840055,0.095781606,0.116263549,0.12169998
KMDS,27.0000000000,5.423434059,0.18438502,0.226068703,0.125623559,0.154023114,0.138739899
KMTR,6.4600000000,1.60409499,0.623404478,1.655368802,0.010016689,0.026598005,0.005566248
KOBX,29.4724200000,1.358921475,0.735877693,2.786124733,0.046923943,0.177659901,0.052466477
KOIN,-17.2800000000,1.117223813,0.895075802,8.530689947,-0.016220079,-0.154588542,-0.009523132
KONI,17.6200000000,2.435617415,0.410573514,0.696564412,0.022824183,0.038722697,0.030788898
KOPI,2.3000000000,1.638842958,0.610186593,1.565329927,0.023725445,0.060863595,0.038191836
KOTA,-1.6800000000,5.108514517,0.195751621,0.243396974,-0.011360776,-0.014125954,-3.432094021
KPIG,0.9500000000,4.784905403,0.208990548,0.264207396,0.001335667,0.001688561,0.081703515
KRAS,44.3951000000,1.126718904,0.887532815,7.891482407,0.015908121,0.141446775,0.03698075
KREN,-20.9200000000,5.265873427,0.18990202,0.234418582,-0.083505374,-0.103080585,-0.02820188
LABA,28.2658271565,10.23661456,0.097688547,0.108264775,0.316731012,0.351021823,3.147557946
LAND,-3.4200000000,2.626501264,0.380734635,0.614816614,-0.012405123,-0.020031999,-0.349281875
LCKM,2.0800000000,12.03058837,0.083121454,0.090656995,0.01399764,0.015266624,0.056419509
LEAD,-6.1663170000,1.348973415,0.741304453,2.865547792,-0.012492052,-0.048288624,-0.086372095
LIFE,53.0000000000,1.919686385,0.520918421,1.096956508,0.007016536,0.014775509,0.039699695
LINK,250.0000000000,2.182390958,0.458213042,0.84574395,0.07395905,0.136509469,0.211901956
LION,-28.0000000000,2.965753183,0.337182476,0.508710864,-0.022138352,-0.033400372,-0.073842568
LMPI,-0.8900000000,1.523521297,0.656374152,1.910141966,-0.001259224,-0.00366452,-0.002107646
LMSH,54.0000000000,4.650021143,0.215052786,0.273971016,0.035757777,0.045554372,0.047223003
LPCK,128.0000000000,3.437479774,0.290910803,0.410259815,0.038962834,0.054947719,0.320398178
LPGI,734.0000000000,1.505831724,0.664084827,1.97694204,0.036786909,0.109512495,0.060841211
LPIN,35.0000000000,12.09559655,0.082674715,0.090125844,0.050160967,0.054681767,0.166875523
LPKR,-8.1000000000,1.562929446,0.639824147,1.776421552,-0.009219514,-0.025597258,-0.054074422
LPLI,300.9400000000,70.71857671,0.014140556,0.014343379,0.328801535,0.33351766,82.1616515
LPPF,168.0000000000,1.224460773,0.816686024,4.45512143,0.075955806,0.414348146,0.107397163
LPPS,71.9100000000,120555.378,8.29494E-06,8.29501E-06,0.147376806,0.147378029,1378.608025
LRNA,-50.7400000000,5.386190083,0.185659991,0.227988295,-0.072170671,-0.088624739,-0.349325208
LSIP,110.0000000000,6.353150754,0.157402215,0.186805873,0.063916405,0.075856365,0.22510791
LTLS,90.0000000000,1.722083047,0.580692088,1.384882257,0.028769772,0.068612518,0.034445574
LUCK,-1.0000000000,5.293368473,0.188915622,0.232917348,-0.006332059,-0.007806906,-0.015519614
MAGP,-4.1009296847,1.1236158,0.889983925,8.089580759,-0.033592321,-0.305340115,-0.224838182
MAIN,8.0000000000,1.592471465,0.627954737,1.687845,0.003465592,0.009314973,0.002779083
MAPA,0.4900000000,2.246303546,0.44517581,0.802372747,-0.002788836,-0.005026522,-0.003923807
MAPB,-34.0000000000,1.733912817,0.576730266,1.362559662,-0.033107116,-0.078217537,-0.044814053
MAPI,-5.0000000000,16.18293613,0.061793484,0.161581474,-0.003544769,-0.009269083,-0.004952292
MARI,-2.0100000000,2.655202664,0.376619086,0.604155625,-0.047541187,-0.076263463,-0.324644128
MARK,72.6700000000,2.500740204,0.399881602,0.66633785,0.263678601,0.439377632,0.331964423
MASA,72.7882698943,2.297313857,0.43529098,0.770823494,0.095848235,0.169730306,0.16070322
MASB,12.1200000000,1.126655268,0.887582944,7.895447327,0.006407045,0.056993532,0.147187991
MAYA,2.4200000000,1.138021588,0.878717953,7.245243398,0.000227982,0.00187977,0.004620626
MBAP,572.8400000000,2.924014537,0.341995564,0.519746593,0.216916086,0.329657482,0.246508034
MBSS,34.3368000000,8.959106808,0.11161827,0.125642239,0.025295469,0.028473648,0.085540308
MBTO,-62.1500000000,2.104483571,0.475175959,0.90540052,-0.066684998,-0.127061629,-0.452530778
MCAS,66.0000000000,3.81564091,0.262079169,0.355158925,0.064283743,0.087114688,0.013666949
MCOL,519.4871700000,2.974877704,0.336148272,0.506360469,0.27967094,0.421285249,0.349118757
MCOR,1.8300000000,1.302696442,0.767638544,3.303639762,0.002660243,0.011448726,0.068944368
MDIA,0.8604799622,1.905799163,0.524714261,1.103997488,0.006122236,0.012881168,0.033459117
MDKA,12.8763000000,2.831356894,0.353187548,0.546043212,0.015829532,0.024473141,0.070923432
MDKI,9.2000000000,9.99208806,0.100079182,0.111208875,0.023707738,0.026344249,0.079931009
MDRN,-1.3000000000,0.353763762,2.826745155,-1.547421734,-0.033127492,0.018134709,-0.171458076
MEDC,5.1505200000,1.305240477,0.766142345,3.276105483,0.013315663,0.056939177,0.073542421
MEGA,363.0000000000,1.180419028,0.847156795,5.542652631,0.021127219,0.138228058,0.321352362
MERK,263.0000000000,3.712124861,0.26938749,0.368714588,0.127340059,0.174292196,0.149843417
META,0.7100000000,2.010024582,0.497506353,0.990074912,0.004304592,0.00856646,0.045635165
MFIN,120.0000000000,2.103513648,0.475395061,0.906196314,0.064076814,0.122142986,0.249291245
MFMI,39.0000000000,1.548208502,0.645907834,1.824123478,0.087597558,0.24738632,0.272625673
MGLV,2.5900000000,2.434090585,0.410831054,0.697306021,0.027278609,0.046300147,0.052581082
MGRO,14.0200000000,1.516494954,0.659415316,1.936127337,0.02887671,0.084785698,0.011996992
MICE,39.8516405684,3.055150439,0.327316124,0.486582384,0.022604073,0.033602816,0.042996972
MIDI,68.0900000000,1.33339676,0.749964324,2.999429272,0.031973653,0.127876363,0.019448643
MIKA,62.0000000000,7.436479079,0.13447224,0.155364445,0.150618453,0.174019205,0.296454539
MINA,-29.3600000000,17.53872217,0.057016697,0.060464163,-0.034234399,-0.036304353,-1.794285062
MIRA,-2.2000000000,3.140626824,0.318407775,0.467152887,-0.029039494,-0.042605377,-0.140471053
MITI,1.4500000000,4.559319293,0.219330987,0.280952597,0.019340736,0.024774566,0.09610952
MKNT,-3.0000000000,1.106854175,0.903461379,9.358548671,-0.032546344,-0.337132885,-0.01106855
MLBI,196.0000000000,1.415026365,0.706700613,2.409485477,0.143180591,0.488172147,0.246651846
MLIA,324.7500000000,2.095035345,0.477318916,0.913212532,0.07224122,0.138212807,0.134700291
MLPL,11.0000000000,1.428997596,0.69979124,2.331015396,0.005610202,0.018687669,0.011894572
MLPT,95.0000000000,1.555248849,0.642983919,1.800994279,0.072755711,0.20378833,0.091604486
MMLP,12.0000000000,7.000332937,0.142850349,0.166657419,0.020467089,0.023878081,0.615272136
MNCN,127.2000000000,5.963190447,0.167695466,0.201483302,0.089901076,0.108014642,0.255970226
MOLI,12.0000000000,2.794087827,0.357898556,0.557386313,0.014669141,0.022845519,0.02844554
MPMX,75.0000000000,2.77914476,0.359822926,0.562067811,0.033295527,0.052009871,0.033715336
MPOW,0.9900000000,2.442838558,0.40935984,0.693078234,0.003316543,0.005615166,0.025559268
MPPA,-23.0000000000,1.007008344,0.993040432,142.6870695,-0.042370948,-6.088157384,-0.034924042
MPRO,-0.9500000000,4.268160441,0.234292973,0.30598253,-0.005337238,-0.006970339,-0.174903292
MRAT,0.7900000000,2.517703804,0.397187309,0.658890092,0.000591694,0.000981555,0.001315808
MSIN,18.8400000000,4.812762375,0.20778088,0.262277032,0.065431429,0.08259259,0.161618356
MSKY,-11.7000000000,2.650535082,0.377282311,0.605864129,-0.02850314,-0.045772171,-0.178467439
MTDL,143.1300000000,2.185828945,0.457492341,0.843291947,0.078366162,0.144451715,0.043826859
MTFN,-0.5500000000,0.951306023,1.051186449,-20.53642082,-0.023663287,0.462295939,-0.069514645
MTLA,26.4508164598,2.994799427,0.333912178,0.501303533,0.034371548,0.051602127,0.367457298
MTPS,-38.4900000000,4.430613936,0.225702355,0.291493015,-0.239845257,-0.309758475,-1.667729406
MTSM,-13.0600000000,2.689495877,0.371816893,0.591892537,-0.044909652,-0.07149134,-0.19278644
MTWI,-4.1024390423,1.348124062,0.741771494,2.872539157,-0.012692601,-0.049152594,-0.016836663
MYOH,137.4816000000,7.563881174,0.132207259,0.152348888,0.137111658,0.158000467,0.176927697
MYOR,44.0000000000,2.221125241,0.450222248,0.81891682,0.049937233,0.090831673,0.0505472
MYTX,-13.9900000000,0.973303352,1.027428908,-37.45788583,-0.029788518,1.086026391,-0.09613604
NASA,-0.2600000000,18.653912,0.053608058,0.056644669,-0.002492644,-0.002633839,-2.69515105
NATO,-0.3014340248,608.2764285,0.001643989,0.001646697,-0.002990324,-0.002995248,-3.014398452
NELY,14.8900000000,8.855449525,0.112924815,0.127300162,0.062300133,0.07023095,0.243628355
NFCX,248.9200000000,4.695900068,0.212951721,0.270570086,0.19151613,0.243334666,0.051357028
NICK,121.0000000000,136.8722742,0.007306082,0.007359853,0.443024775,0.446285373,0.981219683
NICL,3.3900000000,7.556761152,0.132331826,0.152514325,0.061311981,0.070662937,0.103738111
NIKL,27.1833000000,1.424882283,0.701812362,2.353593077,0.026785648,0.089828164,0.033343757
NIRO,-1.8800000000,2.547032196,0.392613804,0.646398958,-0.011049206,-0.018191402,-0.224276564
NISP,88.6900000000,1.177295059,0.849404737,5.640315099,0.009631644,0.06395715,0.197851831
NOBU,10.3600000000,1.10489702,0.905061722,9.533159247,0.002810848,0.029607115,0.0612215
NPGF,1.4800000000,2.113156679,0.473225677,0.898346135,0.011975174,0.022733025,0.022526688
NRCA,7.0000000000,2.076662292,0.481541945,0.928796344,0.007399932,0.014272962,0.015783697
NZIA,0.1000000000,5.004137612,0.199834632,0.249741666,0.003150482,0.003937289,0.024828078
OASA,2.8900000000,39.04559217,0.025611086,0.026284254,0.021257962,0.021816712,0.310698456
OILS,17.1100000000,2.288615351,0.436945422,0.776026764,0.030404326,0.053998897,0.016078613
OKAS,-31.4065185425,0.993849477,1.006188586,-162.5878032,-0.025945227,4.192432228,-0.054385852
OMRE,-81.6200000000,5.875478024,0.170198918,0.205108093,-0.034760558,-0.04189023,-3.021494803
OPMS,0.4400000000,121.0883962,0.00825843,0.008327199,-0.005040269,-0.00508224,-0.014534357
PADI,-4.0000000000,10.20722254,0.097969844,0.108610387,-0.173537513,-0.192385489,-9.046517564
PALM,29.5405896070,28.6217848,0.034938422,0.036203309,0.050421088,0.052246498,0.80105756
PAMG,-2.8700000000,3.797231533,0.263349757,0.357496327,-0.015471756,-0.021002852,-0.283860479
PANI,24.8000000000,1.965079402,0.508885289,1.036184171,0.012332895,0.025112046,0.005422898
PANR,-113.9800000000,1.644665892,0.608026229,1.551191109,-0.080235575,-0.204696284,-2.230599947
PANS,135.1300000000,2.04986987,0.487835845,0.952498998,0.036929964,0.072105718,0.318179588
PBID,171.0800000000,4.52154947,0.221163123,0.28396591,0.121951181,0.156581159,0.099754991
PBSA,25.5000000000,5.208084134,0.192009187,0.237637834,0.057527568,0.071198294,0.252739886
PCAR,1.5000000000,2.555530733,0.391308149,0.642867401,0.023771851,0.039054,0.023590228
PDES,-38.7000000000,1.270939681,0.786819402,3.690858407,-0.090717989,-0.425545241,-6.062101845
PEGE,-27.5300000000,8.354186542,0.119700463,0.13597697,-0.164286208,-0.186625349,1.141370586
PEHA,13.0000000000,1.635761179,0.611336186,1.572917682,0.005821868,0.014979188,0.01448712
PGAS,143.0700000000,0.516962884,1.934374846,1.292216574,0.150124799,0.10028757,0.146376
PGLI,15.5900000000,3.067804204,0.325966044,0.483604781,0.075316601,0.111740069,0.736840981
PGUN,-0.3500000000,1.753447728,0.570304996,1.327232086,-0.00100544,-0.002339891,-0.003106667
PICO,56.2300000000,1.22795602,0.814361413,4.386811098,-0.028491487,-0.153478257,-0.09634714
PJAA,-121.0000000000,1.651403762,0.605545429,1.535146186,-0.048786605,-0.123681175,-0.792729788
PKPK,-4.2300000000,2.300461125,0.434695457,0.768958011,-0.037871107,-0.066992399,-1.218828669
PMJS,8.0000000000,3.417564448,0.29260604,0.413639438,0.037944501,0.053639844,0.019163789
PMMP,51.5052000000,1.391872912,0.718456399,2.55184773,0.032994868,0.117192748,0.066298639
PNBN,93.7300000000,1.31691062,0.759352977,3.155463833,0.011474503,0.047681882,0.174304297
PNBS,0.0600000000,13.9775116,0.071543493,0.282013951,0.00020035,0.000789749,0.002273795
PNGO,224.6500000000,1.836100056,0.544632629,1.196029103,0.120919285,0.265542269,0.113906585
PNIN,192.7700000000,7.524162854,0.132905151,0.153510935,0.040010804,0.04621413,0.6233539
PNLF,41.5400000000,7.081217329,0.141218657,0.16449096,0.043933334,0.051173382,0.433266696
PNSE,-40.0000000000,1.801396003,0.555125024,1.247822545,-0.114336857,-0.257008965,-1.17998062
POLA,2.0114887374,77.69854306,0.012870254,0.013038057,-0.022673478,-0.022969096,-0.576066648
POLI,4.5900000000,3.288088852,0.304128035,0.437045965,0.003509118,0.005042764,0.066361992
POLL,8.6400000000,1.309090469,0.763889146,3.235298722,0.022372714,0.094755129,0.257863967
POLU,-27.0000000000,2.924383802,0.34195238,0.51964686,-0.093708461,-0.142403769,-0.27538789
POLY,-14.3070000000,0.194720802,5.135558137,-1.24180533,-0.015046501,0.003638324,-0.01325055
PORT,-15.7700000000,1.709186236,0.58507375,1.410066848,-0.035738806,-0.086132912,-0.073470112
POWR,60.0894000000,2.039220098,0.490383555,0.962260066,0.048434005,0.095040113,0.172389552
PPRE,5.5000000000,1.721261329,0.580969306,1.386460026,0.015369242,0.036678081,0.056929583
PPRO,0.2000000000,1.299804168,0.769346664,3.335510671,0.000675407,0.002928235,0.015621985
PRAS,2.7000000000,1.426917915,0.70081116,2.342370662,0.001141324,0.003814728,0.008616957
PRDA,545.1600000000,5.545517082,0.180325835,0.219996973,0.195673855,0.238721511,0.256744551
PRIM,31.0800000000,6.67045396,0.149914834,0.176352724,0.090400441,0.106342805,0.205486974
PSAB,-8.5842000000,1.705285273,0.586412148,1.417865988,-0.005454959,-0.01318936,-0.026468971
PSDN,-46.2000000000,1.085797805,0.920981785,11.65530989,-0.086353803,-1.092834136,-0.094696119
PSGO,3.2600000000,1.56270101,0.639917677,1.777142713,0.017397613,0.048315654,0.057371942
PSKT,-1.1600000000,6.34686508,0.1575581,0.187025478,-0.028203583,-0.033478371,-0.369278802
PSSI,40.0596000000,3.780339756,0.264526488,0.359668274,0.106235315,0.144444788,0.204593377
PTBA,426.0000000000,2.882596512,0.34690946,0.531181267,0.150767696,0.230852671,0.250409108
PTDU,-1.9200000000,1.391885466,0.718449919,2.551765976,-0.008928747,-0.031712821,-0.059440366
PTIS,1.2825000000,1,1,2.193016095,0.001482118,0.003250309,0.006489521
PTPP,21.0000000000,1.338209605,0.747267092,2.956746308,0.003643831,0.014417714,0.018263198
PTPW,41.0300000000,5.083451763,0.196716728,0.244890857,0.069289333,0.086257657,0.157875842
PTSN,11.5886700000,2.211159566,0.452251396,0.82565504,0.027028147,0.049344073,0.037738227
PTSP,-104.0600000000,1.650508652,0.605873831,1.537258571,-0.072945865,-0.185082521,-0.07878624
PUDP,-38.8900000000,2.527101772,0.395710221,0.654835204,-0.025434367,-0.042089686,-0.377261505
PURA,1.1400000000,0.245445584,4.074222819,0.099234934,0.627931732,0.015294393,0.075250906
PURE,50.0000000000,1.010122222,0.989979211,98.79253753,-0.099060062,-9.88545494,-4.499647688
PURI,7.4200000000,2.35643204,0.424370397,0.737228236,0.026813788,0.04658167,0.107507313
PWON,14.9912884248,2.790779351,0.358322846,0.558416088,0.027898906,0.043478105,0.211178718
PYFA,29.8400000000,1.411514163,0.708459062,2.430050021,0.025439565,0.087258979,0.039284324
PZZA,4.4000000000,2.090233799,0.478415381,0.917234451,0.006288708,0.012056928,0.005316748
RAJA,0.4292100000,1.99566218,0.501086812,1.004356719,0.004853955,0.009729058,0.016444212
RALS,15.6200000000,3.776138412,0.264820801,0.360212587,0.021158212,0.028779667,0.05197621
RANC,17.0000000000,1.594676496,0.627086436,1.681586555,0.019500865,0.052293257,0.01257268
RBMS,-15.4700000000,3.68529701,0.27134855,0.372398284,-0.034826101,-0.047795282,-1.213134055
RDTX,437.0500000000,9.864641265,0.101372161,0.112807723,0.037468109,0.041694801,0.401040444
REAL,0.1500000000,217.6398864,0.004594746,0.004615955,0.002846342,0.00285948,0.084294231
RELI,11.6000000000,4.743951792,0.210794722,0.267097456,0.032998132,0.041811849,0.430193973
RICY,-78.6600000000,1.228484863,0.814010844,4.376657541,-0.030170127,-0.162214443,-0.05079324
RISE,2.7000000000,4.705841947,0.212501825,0.269844212,0.007294591,0.009262995,0.087666501
ROCK,-1.9000000000,3.621379525,0.276137862,0.381478527,-0.00257768,-0.003561009,-0.041317322
RODA,1.2000000000,2.458987045,0.40667152,0.685407045,0.005573696,0.009393947,0.067569504
RONY,-2.3800000000,5.804473266,0.172280921,0.208139362,-0.076981423,-0.093004287,-1.440487697
ROTI,34.2900000000,3.260176513,0.306731858,0.44244332,0.049250011,0.071040349,0.086145802
RSGK,75.0000000000,5.104155062,0.195918813,0.243655511,0.065635176,0.081627548,0.202686366
RUIS,18.4600000000,1.544712368,0.647369711,1.835831272,0.010780989,0.030573065,0.01206407
RUNS,-6.6100000000,69.47103953,0.014394487,0.014604715,-0.070574925,-0.071605652,-1.979079181
SAFE,0.2500000000,0.815953043,1.225560721,-5.433396005,0.00049518,-0.002195331,0.001206024
SAME,24.5900000000,14.81818517,0.067484647,0.072368404,0.03239789,0.034742474,0.148646102
SAMF,18.5900000000,1.900320555,0.526227008,1.110715505,0.058681633,0.123860233,0.078271683
SAPX,38.5000000000,2.796330605,0.357611506,0.556690398,0.133286057,0.207485126,0.074730483
SATU,-5.9700000000,1.406490479,0.710989527,2.460082219,-0.031348524,-0.108468472,-0.641389615
SBAT,-15.7200000000,1.335144273,0.748982728,2.983789613,-0.061484588,-0.244941662,-0.276163477
SBMA,2.8800000000,5.681318768,0.176015471,0.21361502,0.011059441,0.013421903,0.043596145
SCMA,84.1300000000,3.51059254,0.284852198,0.398312344,0.155571514,0.217537568,0.247599739
SCNP,0.0000000000,4.230705768,0.236367182,0.30952989,-0.038314091,-0.050173447,-0.058521288
SDMU,-7.7800000000,0.993774848,1.006264148,-160.6386383,-0.0505871,8.075655787,-0.146649863
SDPC,10.0000000000,1.207859245,0.827911037,4.810947911,0.007157964,0.041594557,0.004408417
SDRA,67.6800000000,1.271724795,0.78633365,3.680194145,0.010792828,0.05051253,0.223071441
SFAN,1.2900000000,3.15103452,0.317356092,0.464892586,0.002503714,0.003667672,0.055752345
SGER,46.0000000000,1.4271582,0.700693168,2.341053033,0.07207435,0.240804227,0.033096511
SGRO,280.0000000000,1.783515694,0.560690328,1.276298621,0.053385675,0.121521738,0.133439331
SHID,-20.9700000000,2.604044821,0.384017968,0.623423976,-0.016967461,-0.027545383,-0.458115315
SHIP,75.8271000000,2.025169558,0.493785815,0.975448395,0.067512027,0.133366526,0.254710222
SIDO,29.0726083875,6.217000972,0.160849259,0.191681007,0.237067337,0.282508643,0.311729409
SILO,330.4400000000,3.496543634,0.285996717,0.400553784,0.061901623,0.086696552,0.077361496
SIMP,36.3342194950,2.104672075,0.4751334,0.90524602,0.021839616,0.041609841,0.056560331
SINI,13.0000000000,1.244485958,0.803544623,4.090214459,0.034045753,0.173300186,0.023905536
SIPD,-53.3700000000,1.435935241,0.696410236,2.293918695,-0.0252523,-0.083179024,-0.017498765
SKBM,1.2300000000,2.010200818,0.497462736,0.989902188,0.000525601,0.001045894,0.000361364
SKLT,64.5715647425,2.247733791,0.444892542,0.801453008,0.055986505,0.100857057,0.043702248
SKRN,3.9200000000,1.593566493,0.627523234,1.684731216,0.003894896,0.010456749,0.022634294
SLIS,10.0100000000,2.100968019,0.475971072,0.908291597,0.052815705,0.100787766,0.062349878
SMAR,625.0000000000,1.564180935,0.639312229,1.77248102,0.046708834,0.129499354,0.044485067
SMBR,2.0000000000,2.424315186,0.412487619,0.702091791,0.002857983,0.004864549,0.013697687
SMCB,58.0000000000,2.082922229,0.480094737,0.923427346,0.021822382,0.041973767,0.056826739
SMDM,18.8200000000,6.677305372,0.149761011,0.1761399,0.030169164,0.035483157,0.229312542
SMDR,225.1162014741,1.873388406,0.533792137,1.144965966,0.114255443,0.245074037,0.174051435
SMGR,234.0000000000,2.041688566,0.489790665,0.959979818,0.018845661,0.036937115,0.056996633
SMKL,21.2000000000,1.701473444,0.587725893,1.425570716,0.038268851,0.092823805,0.046967884
SMMA,239.0000000000,1.259762701,0.793800292,3.849667388,0.013611333,0.066010436,0.063497543
SMMT,38.2500000000,3.470208304,0.288167139,0.404824159,0.131622305,0.184906194,0.392882804
SMRA,11.2000000000,1.719343078,0.581617487,1.390157257,0.009206327,0.022004568,0.061813519
SMSM,85.0000000000,3.901846151,0.256288936,0.344608207,0.140211961,0.188530154,0.178888742
SNLK,-12.0000000000,3.9631965,0.252321579,0.337473401,-0.026790683,-0.035831826,-0.436930879
SOCI,18.5991000000,2.380976964,0.419995664,0.724125041,0.014096404,0.024303963,0.093204799
SOSS,19.6700000000,1.97598831,0.506075868,1.024602436,0.049009103,0.09922395,0.015919136
SOTS,-20.4463988736,2.707850415,0.369296618,0.585531374,-0.046227877,-0.07329575,-2.38550212
SPMA,80.0000000000,2.685749083,0.372335601,0.593208094,0.07001703,0.111551699,0.097757731
SPTO,48.0600000000,2.859591906,0.349700248,0.537752394,0.045794585,0.070420732,0.09064854
SQMI,-0.7200000000,0.694567635,1.439744597,-3.274047268,-0.026011266,0.059150849,-3.242133245
SRAJ,18.5000000000,1.593591588,0.627513353,1.684659992,0.041683767,0.111906741,0.143964236
SRSN,2.5100000000,2.623725964,0.381137365,0.615867469,0.015659682,0.025303971,0.021832964
SRTG,1032.0000000000,11.70872662,0.085406384,0.093381784,0.284822142,0.311419341,0.957081543
SSIA,-59.1395527378,2.028766213,0.492910417,0.972038144,-0.034887875,-0.06880022,-0.195919968
SSMS,107.9200000000,1.727738811,0.578791189,1.374119375,0.077212029,0.183310574,0.280350057
SSTM,58.0000000000,2.331071057,0.428987352,0.751274693,0.151705891,0.265678687,0.425375699
STAR,1.8290000000,243.8795543,0.004100385,0.004117267,0.017330839,0.017402195,3.124075781
STTP,330.8000000000,6.189814509,0.16155573,0.192685114,0.116827245,0.139338116,0.142301545
SULI,2.2032780000,0.8461956,1.181759867,-6.501764579,0.006694464,-0.036831367,0.014117727
SUPR,-482.0000000000,1.209548119,0.826755037,4.772173591,-0.050944323,-0.294059473,-0.353087618
SWAT,0.5100000000,1.859701929,0.53772058,1.163193854,0.001996735,0.004319324,0.007480191
TALF,9.1700000000,3.075288959,0.325172695,0.481860608,0.008955995,0.013271536,0.018334219
TAMA,1.4200000000,1.418202417,0.705117964,2.391186564,0.00796539,0.027012124,0.034648629
TAMU,-1.3162440000,1.92133133,0.520472437,1.085385862,-0.045018342,-0.093880614,-0.472820729
TAPG,515.0520000000,2.556156599,0.391212338,0.642608848,0.061340616,0.100758639,0.165358858
TARA,1.4675462604,41.14196265,0.024306084,0.024911587,0.014258073,0.014613264,0.447562597
TAXI,-3.2000000000,0.417365127,2.395983599,-1.716340794,-0.315121444,0.225734345,-5.550981763
TBIG,51.8200000000,1.300224416,0.769098002,3.330841685,0.026929103,0.116625681,0.245480037
TBLA,104.4600000000,1.437567063,0.695619722,2.285363971,0.026683072,0.087663602,0.049891892
TBMS,143.0700000000,1.673416942,0.597579704,1.484964125,0.035640453,0.088565246,0.009033205
TCPI,12.0000000000,2.112536953,0.473364501,0.898846549,0.021931467,0.04164449,0.05315132
TEBE,82.6100000000,5.294773488,0.188865492,0.23284115,0.113830892,0.140335407,0.369740563
TECH,2.4400000000,10.70415505,0.093421666,0.103048642,0.048275886,0.05325065,0.197751248
TFAS,23.1800000000,3.686673786,0.271247216,0.37220745,0.138738743,0.190378336,0.078338458
TFCO,27.1833000000,11.6789384,0.085624221,0.093642267,0.028190283,0.030830085,0.060476549
TGKA,381.0800000000,1.82550366,0.547794026,1.211381667,0.097825332,0.216329146,0.039039921
TIFA,12.1520366227,3.424499066,0.292013512,0.412456335,0.011392908,0.016091986,0.199128454
TINS,82.0000000000,1.680329791,0.59512127,1.469875364,0.044336152,0.109504768,0.063102372
TIRA,0.2400000000,1.825820091,0.547699089,1.2109175,0.000398822,0.000881762,0.000813962
TIRT,-113.7200000000,0.365274916,2.737664032,-1.575485238,-0.395608865,0.227667062,-7.339691903
TKIM,806.9148000000,2.155888591,0.463845861,0.86513528,0.055976007,0.104402825,0.235944823
TLKM,190.51,1.930501931,0.518,0.518,0.104109533,0.104109533,0.242005602
TMAS,109.0000000000,1.66581951,0.600305132,1.501908528,0.157245954,0.393414994,0.264598335
TNCA,5.2400000000,5.520367248,0.181147368,0.221220964,0.042876708,0.052361935,0.039962111
TOBA,60.0894000000,1.674807742,0.597083459,1.481903568,0.056444811,0.140090579,0.156731154
TOPS,0.0200000000,1.569963849,0.636957342,1.754497241,0.000307992,0.000848362,0.001595099
TOTL,22.2100000000,1.790827988,0.558400922,1.264497482,0.028316297,0.064122184,0.055764059
TOTO,5.3300000000,2.544824385,0.392954424,0.64732277,0.017316641,0.028526097,0.042175957
TOWR,52.0000000000,1.281632485,0.78025488,3.550726761,0.049953861,0.227326372,0.429936576
TOYS,-2.3300000000,3.585871645,0.278872224,0.386716797,-0.009040148,-0.012536125,-0.038529323
TPIA,108.7332000000,2.771935279,0.360758784,0.564354698,0.036085309,0.056450223,0.088073664
TPMA,18.5991000000,4.209370278,0.237565226,0.311587605,0.03414706,0.044786861,0.112857565
TRIM,6.5300000000,1.381013365,0.724105954,2.62457985,0.01472063,0.0533561,0.155618361
TRIN,-4.7200000000,1.646485824,0.607354151,1.546824329,-0.020294497,-0.051686519,-14.67336466
TRIS,1.2900000000,2.665657578,0.375141957,0.600363492,0.01179727,0.01887992,0.015958822
TRJA,21.0000000000,2.01985478,0.495085097,0.980531758,0.052393798,0.10376758,0.107026458
TRST,51.5000000000,2.110759867,0.473763035,0.900284598,0.031455843,0.059775054,0.054112478
TRUK,-6.7300000000,3.942309307,0.253658433,0.339869095,-0.036133958,-0.048414773,-0.097397529
TRUS,22.3000000000,13.97017845,0.071581047,0.077099941,0.051651171,0.055633474,0.502616929
TSPC,121.0000000000,3.288820118,0.304060412,0.436906331,0.06119678,0.08793404,0.070518084
TUGU,0.1240000000,1.715507321,0.582917944,1.397609739,0.010996528,0.026365383,0.045695403
TURI,66.0000000000,2.960065913,0.337830315,0.510186925,0.057732251,0.08718649,0.041957355
UCID,91.0000000000,2.615096366,0.382395086,0.619158102,0.048550961,0.078611682,0.056481242
UFOE,3.5000000000,1.719562151,0.581543389,1.38973402,0.019285085,0.046086223,0.015579471
ULTJ,82.0000000000,2.132046988,0.469032815,0.883355559,0.101409394,0.190989947,0.190763728
UNIC,1.6224138000,5.205520219,0.192103759,0.237782711,0.146124746,0.180870684,0.155922692
UNIQ,-5.0900000000,2.678026042,0.373409364,0.595938308,-0.030274727,-0.048316596,-0.067941223
UNSP,-17.8508000000,0.530318663,1.885658699,-2.129103119,-0.010055555,0.011353758,-0.027971549
UNTR,2.0960000000,2.684885861,0.372455312,0.593512013,0.072867355,0.116115005,0.139494845
UNVR,115.0000000000,1.357931182,0.736414343,2.793833144,0.216699343,0.82212115,0.145816268
URBN,6.8100000000,2.278915391,0.438805233,0.781912554,0.007221024,0.012867234,0.524986247
VICI,17.0400000000,3.826803544,0.261314695,0.353756455,0.118774275,0.160791442,0.137324803
VICO,2.6452681471,1.221074068,0.81895114,6.438256398,0.001884943,0.014818643,0.025756115
VINS,3.2900000000,2.412278435,0.414545844,0.70807567,0.014918724,0.02548231,0.052267537
VIVA,-6.4630000000,1.011575087,0.988557362,86.39243682,-0.012093744,-1.056901796,-0.07867177
VOKS,-31.1600000000,1.522702767,0.656726987,1.913133168,-0.045237322,-0.131782343,-0.105869593
VRNA,4.2600000000,1.394001438,0.717359375,2.538061805,0.010423669,0.036879585,0.107913778
WAPO,-0.0131000000,7.397403458,0.135182569,0.156313418,-0.018769293,-0.021703186,-0.007010632
WEGE,15.7400000000,1.671738134,0.59817981,1.488675348,0.026271921,0.065382281,0.06185611
WEHA,-12.4000000000,2.070842465,0.482895255,0.933844176,-0.053103588,-0.102694065,-0.188933826
WICO,-59.5300000000,1.197898573,0.834795218,5.053093537,-0.092469567,-0.559726939,-0.037163783
WIFI,3.7300000000,2.780033485,0.359707898,0.561787185,0.011082612,0.017308681,0.024769637
WIIM,51.8200000000,3.540296733,0.282462199,0.393654799,0.062776974,0.087489432,0.057108316
WIKA,11.7000000000,1.348927307,0.741329792,2.865926457,0.002736827,0.010580373,0.016332051
WINS,1.5737700000,3.377645217,0.296064251,0.420584195,0.002484188,0.003528998,0.016574146
WMUU,11.1300000000,2.228839061,0.448664068,0.813776215,0.068465987,0.124181979,0.065927676
WOMF,21.7200000000,1.364656927,0.732784908,2.742303592,0.015679305,0.058676719,0.065954276
WOOD,74.6000000000,2.128705507,0.469769067,0.885970692,0.054870047,0.103483301,0.101105644
WOWS,0.1200000000,4.751081908,0.210478375,0.266589753,0.000385528,0.000488306,0.003837336
WSBP,-11.3800000000,1.095452024,0.912865172,10.47646722,-0.027734264,-0.318291374,-0.375073673
WSKT,12.8486587432,1.173765753,0.851958747,5.754873913,0.000632157,0.004270138,0.009363594
WTON,6.1976878785,1.675809724,0.596726457,1.479706439,0.006051662,0.015006344,0.020700751
YELO,-42.9400000000,4.371675213,0.228745264,0.296588472,-0.651091191,-0.844197333,-1.504947049
YPAS,-6.2000000000,1.996008984,0.500999749,1.004007008,-0.016223727,-0.032512463,-0.01677397
YULE,52.4600000000,29.01271228,0.03446765,0.035698078,0.178131511,0.184490464,12.59667599
ZBRA,25.3700000000,1.760126363,0.568141027,1.315570737,0.009847197,0.022801881,0.011659546
ZINC,2.6200000000,1.786285645,0.559820879,1.271802437,0.03291658,0.074779966,0.10683831
ZONE,8.0000000000,2.011605017,0.497115483,0.988528114,0.013267232,0.026382264,0.021742807
ZYRX,35.3900000000,1.691121237,0.59132366,1.446924138,0.102571173,0.250983878,0.104429616
TRUE,23.3800000000,1.536435423,0.650857163,1.864157282,0.028154781,0.08063972,0.114360231
