NAMA PERUSAHAAN,LABA_PER_SAHAM,CURRENT RATIO,DEBT RATIO ,DEBT TO EQUITY RATIO,ROA,ROE,NPM
AALI,763.3400000000,3.25795419336095,0.306941086537619,0.442878780685762,0.0520009573647696,0.0750310779569711,0.0857153769006458
ABDA,187.0000000000,2.37936838227036,0.420279603381892,0.724969495352691,0.046449159249538,0.0801233827902324,0.255273790193924
ABMM,490.8731700000,3.69000593199706,0.271002274367291,8846.39160267903,1.21447492887051E-05,0.396443935295661,0.154696357186329
ACES,18.8700000000,2.89626347055443,0.34527245541255,0.762996888733139,0.0293319140721079,0.064818837491294,0.0689821547208203
ACST,-60.0000000000,1.87943481161942,0.532074852406478,1.1370939457793,-0.128936006466553,-0.275548358812632,-0.360613685304441
ADCP,6.0000000000,1.54149983067709,0.648718851665887,1.84672264578477,0.0218042709776244,0.0620707119668311,0.231263768737855
ADES,242.0000000000,3.75853372932803,0.26606120152573,0.362511427490719,0.124318481858237,0.169385352180146,0.231876741879615
ADHI,4.7796874333,1.15920607513273,0.862659385118818,6.28116734343395,0.000564551275874777,0.00411059231359339,0.00313035504222916
ADMF,753.0000000000,1.52737392777714,0.654718521649345,1.89618778504081,0.0313582607239715,0.0908194116688913,0.120123441177986
ADMG,15.7377000000,5.30292059954657,0.188575329618457,0.232400291119798,0.0202039560126892,0.0248993612718098,0.0302041851517161
ADRO,143.0700000000,2.54730195173848,0.392572226986095,0.646286265506513,0.0738406932352138,0.121562919108612,0.204594339380285
AGAR,5.2000000000,2.48383347134264,0.402603480280603,0.673930073227929,0.0278018798828519,0.0465384028281763,0.0183593073704105
AGII,56.6800000000,1.7893758849169,0.558854072209897,1.26682359964071,0.0222171017164322,0.0503622504864265,0.086213470369708
AGRO,-84.4500000000,1.13981621461303,0.877334422145853,7.15224627392232,-0.0892069846686358,-0.727237308372732,-1.4214574593487
AGRS,-0.2100000000,1.18494489303313,0.8439211020525,5.40701602298837,-0.000160605069384297,-0.00102899925291835,-0.00296361595944892
AHAP,0.8200000000,0.0355108869016586,28.1603780488314,3.33560414151276,0.142048220870422,0.0168256488960581,0.00370557678674582
AIMS,3.1800000000,2.01640462448075,0.495932209170326,0.983860143799392,0.0262065367482723,0.0519901037619115,0.0253570512421998
AISA,1.9300000000,1.76123001163451,0.567785010131611,1.31366339308247,0.00921549017589624,0.0213215422692822,0.0164548998953967
AKKU,-0.3603944404,0.268253725295352,3.72781402718259,0.241841937942588,-0.0607942307675709,-0.00394402576881503,-1.56857000241619
AKPI,220.0000000000,1.82194149769342,0.548865043837029,1.21663160067506,0.041863821128023,0.0927966688373842,0.0680748109881578
AKRA,201.9000000000,2.06047738281644,0.485324424494828,0.942971548666294,0.039247119763354,0.0762560370672955,0.0484889099433488
AKSI,32.9700000000,1.9322914208982,0.517520281456905,1.07262598108708,0.087837741064136,0.182054784249528,0.0640828758416677
ALDO,48.9100000000,2.40685705208241,0.415479597816082,0.710804270071231,0.062073856686184,0.106196219078513,0.0667086634220343
ALKA,17.3300000000,1.33152952836796,0.751016014812447,3.01632257290254,0.0359493991267155,0.14438438319491,0.00871446882900546
ALMI,-90.1341000000,0.781016163950609,1.28038323168845,-4.56654709334097,-0.0474963970812483,0.169398136954295,-0.0515177785478622
ALTO,2.9900000000,1.50463757969632,0.664611872981287,1.98162015718643,-0.0060064078942162,-0.0179088268496787,-0.0247530471188829
AMAG,21.5100000000,1.59882493007239,0.625459349045003,1.66993715488617,0.0220623190714936,0.0589050054119346,0.0628272373191123
AMAN,1.1100000000,3.47533834441947,0.287741768108924,0.403985177321093,0.00518059976969258,0.00727348528628144,0.086579458336175
AMAR,0.0700000000,1.37005884800241,0.729895654816604,2.70227290983053,0.000143522210158328,0.000531358390628182,0.00118698402942428
AMIN,4.9100000000,1.87784299064374,0.532525884742467,1.13915587486399,0.0168971838040021,0.0361457100029879,0.0419232401770823
AMRT,26.6600000000,0.743985169086189,1.34411281508241,2.1891010226057,0.0833997147727631,0.135829670579315,0.0180296066052084
ANDI,0.5500000000,2.16560012577736,0.461765765570891,0.857927155192337,0.00812591460362487,0.0150973574028486,0.0153007532149426
ANJT,112.4959410000,2.85796694570502,0.349899078260092,0.538222707519987,0.0404825678583441,0.0622712051384237,0.136117473308654
ANTM,71.1800000000,2.57011246330523,0.389088031857553,0.63689705251744,0.0513638607486951,0.0840773522654552,0.0646035337130043
APEX,15.7377000000,1.59083747343693,0.628599726054696,1.69251282282918,0.00849962808058657,0.0228853575962583,0.0713135434232675
APIC,10.8100000000,1.52242723196463,0.656845843928802,1.91414217869044,0.0214836976267536,0.0626065494083543,0.0807325267029863
APII,16.0000000000,3.06055370254499,0.326738262807953,0.485306448827274,0.0351991014727428,0.0522814524103904,0.0952450789600611
APLI,8.8100000000,2.06477122056303,0.48431515803834,0.939168885003503,0.0283605212142953,0.0549958403012432,0.0405653043112533
APLN,-20.4800000000,1.55907443945633,0.641406192477065,1.7886705766274,-0.0102539461058285,-0.0285948777996471,-0.107297338863971
ARCI,32.9061000000,1.4566855463129,0.686489958338062,2.18969049507611,0.0840558351686636,0.26811209849317,0.242415851300094
ARGO,-143.2100000000,0.451903357048344,2.21286251673723,-1.82449575792823,-0.0521412222175623,0.0429902165315732,-1.21528705950924
ARII,55.7973000000,1.11191554065729,0.899348883467234,8.93530955689362,0.00272723034607077,0.0270958777211672,0.0152839061774268
ARKA,0.3700000000,1.25185936609756,0.798811773176496,3.97046977245478,0.00161960654206833,0.00805020536062065,0.0150046937873029
ARNA,47.3300000000,2.95539966612596,0.338363711501272,0.511404403571983,0.160413422189003,0.242449552688511,0.186306540023201
ARTA,-8.0000000000,8.59675558687395,0.116322953455471,0.13163514194505,-0.0250004524506548,-0.0282913905576872,-0.501505773475568
ARTI,-6.5700000000,0.794734781643765,1.25828140795811,-4.87174596849873,-0.0641800580750468,0.248488881110077,-16.446923177566
ARTO,-2.4900000000,3.85810562909066,0.259194562341647,0.349882100165122,-0.00296996198394007,-0.0040090985202916,-0.0846669800076344
ASBI,-9.5170959797,1.55013357509336,0.64510569673957,1.81774035484074,-0.00383293851382481,-0.0108002255280274,-0.0068378478247728
ASDF,807.0000000000,1.29816676522768,0.770317055393586,3.35382784609282,0.0232932458697765,0.101414782493719,0.183976972895179
ASDM,50.0000000000,1.53411631689427,0.651841055979669,1.8722513586829,0.00967131959192594,0.0277784608381658,0.00768765243467745
ASGR,27.4300000000,3.05931968237668,0.326870057340047,0.485597262318152,0.0156791907208215,0.0232929628102166,0.0185044202725293
ASII,370.0000000000,2.37267052265447,0.421466019176244,0.728506938479452,0.0525041480430347,0.0907537841913379,0.113606766944242
ASJT,0.7000000000,2.36971540482326,0.421991602014581,0.730078669246647,0.00180401927004113,0.00312109525800807,0.00510342491768949
ASMI,5.2700000000,2.0417387987366,0.489778614492112,0.962935094655886,0.0453314678011849,0.089124473683461,0.09180107828865
ASPI,-0.1400000000,3.45138782268802,0.289738520089341,0.407932188756438,-0.00105464587670194,-0.00148486987754791,-0.0178700160698977
ASRI,-7.0700000000,1.74178147083563,0.574124835258607,1.34810593054243,-0.00656889133136744,-0.0154244526922727,-0.0804536528754001
ASRM,181.6600000000,1.47350140067733,0.678655615488607,2.11192617079806,0.0326180259192712,0.10150488849795,0.0373072209131603
ASSA,22.5500000000,1.58704052704535,0.630103631859822,1.70345990426441,0.0117882875522324,0.0318691627373995,0.0199722084459718
ATAP,4.3600000000,5.13774635438512,0.194637868634073,0.241677452978773,0.0561141322463252,0.0696756528037311,0.113773521768221
ATIC,-32.2100000000,1.08454519486024,0.92204548481621,11.8279933194677,-0.0118054335620013,-0.151440022866772,-0.011432226761917
AUTO,92.0000000000,3.29965640233028,0.303061857984298,0.434847570700859,0.0274367486133536,0.0393675520958005,0.0413819201664559
BABP,0.2300000000,1.16304846190435,0.859809399827261,6.13314586547049,0.00042550215082594,0.00303516890791286,0.00672138255121164
BACA,2.9600000000,1.08144797685473,0.924686181307017,12.2777758099946,0.000947322588389873,0.0125783369483845,0.0146720942397745
BAJA,67.8351005906,1.40432505776427,0.71208584826652,2.47325754562316,0.141803930304772,0.492521570930068,0.103478983926965
BALI,34.0500000000,1.88501073569609,0.530500957402094,1.12992979595154,0.0273219940387554,0.0581939291879554,0.19290076196401
BANK,-6.8199078662,14.5330760343175,0.0688085576404242,0.0738930304879821,-0.0513581905001937,-0.0551532028366321,-2.06238962097541
BAPA,-4.1600000000,16.3609551152349,0.0611211260563161,0.0651001186122996,-0.0202226299350699,-0.0215391255424956,-0.811976079443122
BAPI,-0.7700000000,3.12165736379059,0.320342652463854,0.471329639303014,-0.00692041385565706,-0.0101822100220715,-1.07506342011335
BAYU,-44.0400000000,2.38799011414012,0.418762202606557,0.72046622653326,-0.0227325085392483,-0.0391105131861556,-0.0591939531194794
BBCA,941.0000000000,1.20378559814012,0.830712712915845,4.90711811397205,0.0198510131400092,0.117262279300045,0.355964262476006
BBHI,18.8658260693,1.22936740059557,0.813426482201778,4.35981746928037,0.0124274498775084,0.0666088629520757,0.966838730182849
BBKP,-11.0494666679,1.09966415722095,0.90936854987361,10.0336974483522,-0.00404490810561176,-0.0446302922437074,-0.0796213862482955
BBLD,7.4800000000,1.50643112871353,0.663820589563884,1.97460215871855,0.00337720090256284,0.0100458290951897,0.0301387912645018
BBMD ,86.5400000000,1.34523111292849,0.743366690221029,2.8966103069834,0.0215237086555654,0.0838695049917839,0.351243385885392
BBNI ,416.0000000000,1.1533765391356,0.867019543114216,6.51990197220405,0.00845331530578788,0.0635681024396569,0.14578835662206
BBRI ,154.0000000000,1.2092459628215,0.826961619674735,4.77906472610454,0.011773279011928,0.0680385414484198,0.173258811511355
BBRM,0.7153500000,1.28870092795709,0.775975230797147,3.46379212244387,0.00797215844007966,0.035586058043702,0.0498964876223473
BBSI ,20.0000000000,3.0463195366264,0.32826497285555,0.488682232711621,0.0297539139330599,0.0442941230257771,0.499338764115239
BBSS,-0.1700000000,63.1439475324282,0.0158368305922977,0.0160916716704901,-0.0032059589918891,-0.00325754823137564,-0.120614896229101
BBTN ,143.0000000000,1.05921295233419,0.944097216519392,16.8881969329289,0.00411730234583744,0.0736511151947502,0.0744117483860799
BBYB ,-44.9700000000,1.1584822795835,0.8631983566978,6.30985371126691,-0.0327387295806623,-0.239315323927369,-0.472167346688945
BCAP ,0.5500000000,1.35877265396809,0.735958290799901,2.78728043773633,0.00121176549691676,0.0045892957615967,0.0136139702762517
BCIP,0.4800000000,1.88016727516058,0.531867570088726,1.13614767126801,0.00087461997678754,0.00186831742665918,0.022864535172226
BDKI ,127.2420000000,1.19080110845147,0.839770800432336,5.24105969884537,0.00950925190185881,0.0593478088108597,0.166752828554799
BDMN ,144.1600000000,1.31184048294908,0.762287803279214,3.20676773760409,0.00780057749924595,0.0328152177585083,0.0909405515159782
BEBS,9.0000000000,4.84830471990226,0.206257662785717,0.259854682200269,0.092050611858679,0.115970394349556,0.224129423469503
BEEF,-55.0000000000,0.874656490172595,1.14330598496179,-7.97807562096335,0.154701692626449,-1.07952010983839,0.837361193334989
BEKS ,-332.0000000000,1.23975498259544,0.806610994945539,4.17092478819252,-0.0201881923834889,-0.104391624424582,-0.62176798173555
BELL,0.3872035964,1.95460043827709,0.511613514668738,1.04755870613766,0.00897243679847771,0.018371591081993,0.0162757121459768
BESS,20.4800000000,2.65756340770286,0.376284530823059,0.603295171305606,0.124240583632483,0.199194327818151,0.281015040675924
BEST,-9.4000000000,3.37808242877391,0.296025932192233,0.420506870535845,-0.0149589989990661,-0.0212493608545122,-0.771724898543689
BEXI ,321.3570000000,1.39053091993005,0.719149776295734,2.56061671167831,0.00354342316659618,0.0126167717435304,0.0930451944404438
BFIN ,53.0000000000,1.96435583590663,0.509072736069969,1.03696163051666,0.054353521720528,0.11071603822817,0.266894842670209
BGTG ,0.5500000000,1.17430599686145,0.851566800027149,5.73703726782757,0.000797401105522833,0.00537212096531423,0.0231023849692962
BHAT ,1.2500000000,4.06725240841816,0.245866226037572,0.326024684911966,0.00896865412033756,0.011892656754005,0.0743945689765723
BHIT ,4.8719933540,2.37224252753309,0.421542059209227,0.728734155905897,0.0275445381044535,0.0476171838298203,0.14205673073147
BIIF ,8.2610000000,1.89066030455307,0.528915743135778,1.12276251101345,0.0437821262839462,0.0929390563280173,0.347875353370567
BIKA ,14.8000000000,0.926710554242337,1.07908558440622,-13.6445294361561,0.0320621437022387,-0.405410719829225,0.293499349107752
BIMA,-40.0000000000,1.0300719709234,0.970805951649724,33.2535570264809,-0.103554929002202,-3.54712466595012,-0.812205586673417
BINA ,5.1700000000,1.11196325645383,0.899310291231302,8.93150156285762,0.00245894414438904,0.0244210076129793,0.0505961961130436
BIPI,3.7055130000,1.70473731589755,0.586600639684771,1.41896842616658,0.0190900903242734,0.0461783257470856,0.419510801978194
BIPP,-0.5000000000,2.24496616440091,0.44544101192138,0.803234681065579,0.00521883104269929,0.009410777130817,0.0412283749430638
BIRD,-26.0000000000,4.2862876925068,0.233302118695434,0.304294722059831,-0.0100127882894233,-0.0130596269189972,-0.0457461432190525
BISI,75.0000000000,5.71970267460612,0.17483426270385,0.211877753524687,0.0726074663267092,0.0879913731811317,0.152428694411168
BJBR ,144.2200000000,1.08440294066082,0.922166440631943,11.847928427264,0.00887036584496421,0.113965825499748,0.128866980945672
BJTG ,327.0000000000,1.12832496499056,0.886269497731417,7.79271593858284,0.0163190167604174,0.143488478771323,0.185499647433197
BJTM ,78.9400000000,1.13697768614466,0.879524736664684,8.41582286863353,0.0117362804573783,0.112299806189029,0.225484405604369
BKDP,-4.1300000000,2.37172386216098,0.421634245012343,0.72900969909835,-0.039841047897425,-0.0688855582368897,-2.5016882000468
BKSL,4.6700000000,2.63038675996611,0.380172229886408,0.613351398916407,0.0175853770560181,0.0283713926737992,0.114436538276619
BKSW ,36.4500000000,1.26198077588132,0.792405097693851,3.81707396901905,-0.000735768103268872,-0.003544249377491,-0.0160809820565863
BLTA,2.4321900000,1.89947812488045,0.526460392937107,1.11175577519788,0.0660003600446904,0.139376641489514,0.335007134566947
BLTZ,-268.0000000000,1.3239875509498,0.755294110796299,3.08653834713216,-0.101722929484243,-0.415694652119981,-2.23638430462007
BLUE,23.0000000000,8.98143015218489,0.111340842500093,0.125290828953287,0.127842540422214,0.143860038287207,0.150810546323912
BMAS ,11.1800000000,1.10307705381812,0.906554983206895,9.70148023210356,0.00357763622190178,0.0382860033063396,0.0708079866928984
BMHS,22.0000000000,2.93823336355906,0.340340563960075,0.515933746060258,0.11173045250575,0.16937596341605,0.213953298374563
BMRI ,412.3600000000,1.14933751833093,0.87006643744842,6.69624091237417,0.0128535937006841,0.0989243537102397,0.198846844770689
BMSR ,37.8800000000,1.25941925144842,0.79401676514785,3.85476403318832,0.0521385202887274,0.253120213041373,0.019626316125445
BMTR,59.3000000000,3.17639696133949,0.314822112025412,0.459475002843478,0.0547763933425634,0.0799447768293932,0.182113003842733
BNBA ,15.1500000000,1.28684228902457,0.777096003549904,3.48623629870127,0.00482478946253436,0.0216451456204131,0.0835840936591419
BNBR ,-23.9500000000,1.09143856890816,0.916221973904008,10.9363041432154,-0.00298489019239781,-0.035628557170561,-0.0287449792480896
BNGA ,126.3800000000,1.16824253695765,0.855986636648427,5.94380005249058,0.010660948285497,0.0740274932644335,0.17542144275234
BNII ,13.9400000000,1.22218677028464,0.818205551159012,4.50071801628375,0.00705387040901506,0.0388013520434,0.112132493000727
BNLI ,28.0000000000,1.19716484361758,0.835306854633492,5.07189812165286,0.00379854449499214,0.0230643751841576,0.0788516874928451
BOGA ,2.4500000000,2.28796923301623,0.437068814374614,0.776416062096568,0.0116857316818056,0.0207587214569101,0.0223376529958886
BOLA,19.0600000000,9.19287549984457,0.108779891560253,0.122057267929797,0.172315680865712,0.193348062093643,1.32660888804328
BOLT ,15.6800000000,2.40064381802605,0.416554922679974,0.713957386689012,0.0340105610158117,0.0582926522784879,0.0517214606610375
BOSS,-77.9800000000,0.961902364541822,1.03960655141577,-26.2483481710498,-0.198395902721195,5.00916882761445,-7.41493314884152
BPII ,124.6400000000,2.07446010752373,0.482053135836724,0.930699979457282,0.0351566899532352,0.0678770205704973,0.13327134006939
BPTR ,5.2500000000,1.52466278186737,0.655882738066988,1.9059861582726,0.0119938399063099,0.034853932752274,0.0546636118676805
BRAM ,600.6153061316,4.08588220924482,0.244745185687775,0.324056439031975,0.0713194784579111,0.0944310146805994,0.105567726909529
BRIS ,54.8800000000,1.1062976104334,0.903915899816725,9.40754920005029,0.00899131447509996,0.0935775477727272,0.013131877563338
BRMS ,1.1445608000,7.0951489703473,0.14094136771184,0.164064898965549,0.00881667077683722,0.0102631769770515,0.74872558257001
BRNA ,-84.0000000000,1.63475574777976,0.611712178628611,1.57540912941362,-0.0482987584883715,-0.124389063550295,-0.109141630193223
BRPT ,15.2766667308,1.91978479361169,0.520891718346565,1.08721084208549,0.0306213936837277,0.0639133048964448,0.116939423018734
BSDE ,44.5100000000,2.43401033603624,0.41084459880663,0.697345043386582,0.0171776205603023,0.0291563491152045,0.199798974611589
BSIM ,5.6200000000,1.18538685212411,0.84360645489537,5.39412578908534,0.00224147128318461,0.014332249337305,0.033377734303154
BSSR ,567.9879000000,2.72031753294994,0.367604144695414,0.581288035985563,0.305065637241363,0.482396642360079,0.239347055588673
BTEK ,-2.5000000000,1.5875432281832,0.629904107332189,1.70200242642945,-0.0275568012567093,-0.0744585438602628,-0.952361988460288
BTON ,13.3700000000,5.03963024527972,0.198427255836206,0.24754740886706,0.0388913251266337,0.0485187718891382,0.117837455750782
BTPN ,254.0000000000,1.23888476413933,0.807177575304765,4.18611879080221,0.0129762320580369,0.0672962809099951,0.189733958376257
BTPS,142.0000000000,1.60687706800126,0.622325142298449,1.64778017283382,0.0615973060231787,0.16309612558815,0.317963683866451
BUDI ,14.1000000000,1.80675462845819,0.553478587656011,1.23953425828015,0.0227272504172787,0.0508984559060075,0.0265951458890614
BUKA ,-11.0000000000,23.4404933926076,0.04266121805761,0.0445623000575122,-0.0450881890445624,-0.0470974224538161,-0.837060419545338
BUKK ,112.0000000000,2.5172542563025,0.397258241791142,0.659085315362349,0.057997847763566,0.0962233775471534,0.107452500327091
BULL ,2.8614000000,1.7400177520006,0.57470678034764,1.35131893430469,0.00341728334280003,0.00803512302780974,0.0207053632632719
BUMI,0.8700000000,1.08186296761468,0.92433148183714,12.2155356584058,0.0192526151938473,0.254433622611855,0.107007461093226
BVIC,4.7100000000,1.12468200015313,0.889140219069788,8.0204038976905,0.00173693315912385,0.0156678386385886,0.0276548550672378
BWPT,-55.0100000000,1.16364493853894,0.859368667263392,6.11079089233211,-0.141435273522323,-1.00571665481703,-0.81723098865952
BYAN,0.2000000000,3.14749507823459,0.317712967024207,0.465658808783897,0.363809647839647,0.533220815076746,0.388850221681846
CAKK,5.9300000000,2.14133883325145,0.466997555207823,0.876164002193106,0.0123191882654458,0.0231128175598691,0.0276751530419267
CAMP,13.8300000000,7.90636739295154,0.126480335443492,0.144793918872687,0.0709453043918437,0.0812177530403544,0.106919285515857
CARE,0.5610000000,13.243342959427,0.0755096355250827,0.0816770389683508,0.00528792137149142,0.00571982313141229,0.081139169374689
CARS,-26.0000000000,1.12895421045384,0.885775517501283,7.7546905717978,-0.0844512381254086,-0.739344458193166,-0.109783650260409
CASA,1.2300000000,1.41059629515465,0.708920052771274,3.32354499753479,0.00216487109265448,0.0101493059226819,0.0546511934180837
CASS,20.0000000000,0.666584326758973,1.50018528767717,1.67020837686797,0.192829126260317,0.214683362535029,0.119717103467783
CCSI,0.0500000000,4.20640762979675,0.237732547106548,0.311875505380889,0.0800788634174045,0.105053499416035,0.124347527153817
CEKA,218.0000000000,6.31153184551454,0.158440141708336,0.188269604529337,0.0819366053994781,0.0973627776945141,0.0351313494212335
CENT,-9.4000000000,1.39742264492676,0.715603116659389,2.51621293543622,-0.0371390441108599,-0.130588787312342,-0.328168035964112
CFIN,18.7100000000,2.61470215848922,0.382452738164947,0.619309260684732,0.00955267921926501,0.0154687419241064,0.0748371493358143
CINT,-25.8600000000,3.72325373498824,0.268582286133974,0.367207795275205,-0.0524476123784177,-0.0717067844873451,-0.131439473922071
CITA,95.0000000000,6.50607159534547,0.153702581557112,0.181617689251506,0.0912561415042554,0.107829871054267,0.119950320007686
CITY,-2.5100000000,9.66976665138854,0.103415111868951,0.115343358155994,-0.0141355348085212,-0.0157659748626669,-0.449228225929263
CLAY,-33.2251645664,1.13492707315264,0.881113882693949,7.41141104327325,-0.0739165234300252,-0.62174226145968,-5.49211858585094
CLEO,11.0000000000,3.68458486894637,0.271400995110192,0.372497070801294,0.100840979039383,0.138403948348288,0.170119414687288
CLPI,84.0600000000,3.48005586384493,0.287351709031232,0.40321672369495,0.0375875814607998,0.0527435229090405,0.041543637951399
CMNP,90.0000000000,3.43911223945521,0.290772714111363,0.409985233079457,0.0327025284015248,0.0461100821305115,0.250225166808772
CMNT,0.0000380000,0.258030723534827,3.87550748337543,3.4073996916601,0.100456927191143,0.088323117476758,0.0644499284384691
CMRY,89.7800000000,2.50830160913657,0.398676138610073,0.662997369983881,0.386128151823179,0.642130100958683,0.223917527755651
CNKO,-8.4500000000,0.492410317354063,2.03082665971225,-1.97009520522019,-0.0643889740616439,0.0624634350062481,-0.107268954353921
CNTX,-286.5000000000,0.760844539128282,1.31432894444603,-4.18138058129643,-0.11569576568196,0.368072262278809,-0.192804431924352
COCO,7.6500000000,1.66734656641433,0.599755335899078,1.49847178411815,0.0147510478905525,0.036855076940721,0.0271946854908442
CPIN,163.0000000000,3.28890109288593,0.304052925812532,0.436890874449784,0.0770278515246857,0.110680616934294,0.071158481493164
CSAP,31.0000000000,1.34594432008255,0.742972785039629,2.8906385853116,0.0172673426248585,0.0671809894820701,0.0147510973339797
CSIS,8.2600000000,2.13111748385714,0.469237387227515,0.884081463041287,0.0205534974565361,0.0387244635585258,0.189830335773443
CSMI,-22.9800000000,1.11342403268373,0.898130425287896,8.81647369026646,-0.1643108560326,-1.61295319526918,-0.409575199809765
CSRA,87.0000000000,1.85713811773903,0.538462912611716,1.16667311755754,0.109842690706939,0.237993205114913,0.273701992831329
CTBN,-78.6885000000,4.36034852632537,0.229339465403409,0.297588179370646,-0.0362338389314697,-0.0470166010906951,-0.0716875825280549
CTRA,55.0000000000,1.86518090102424,0.536141024954128,1.1558276411513,0.0316669352225688,0.0682684542633613,0.190771236022249
CTTH,-17.0000000000,1.43803843667517,0.695391704766986,2.28290468660756,-0.0305510941855371,-0.100296330282689,-0.330410030785145
DADA,0.3700000000,1.97214851381295,0.507061204060438,1.02864941497242,0.00377032635688982,0.00764867035815962,0.0450220656339963
DART,-96.0000000000,1.63836703263339,0.610363844048226,1.56649693496045,-0.0452248304450622,-0.116069388721358,-1.39575719621341
DAYA,-15.3400000000,1.14903334068305,0.870296765632186,6.70990796701483,-0.0580049921029432,-0.447213150741114,-0.0524920549494316
DCII,72.0000000000,1.57568216835932,0.634645755394473,1.73706961056303,0.0604016966225267,0.165323648251966,0.283942420013609
DEWA,1144.5600000000,1.89861725176278,0.526699101186164,1.11282083449694,0.00299822585844333,0.00633471406024653,0.00728445377817043
DFAM,-6.0950000000,1.29459104236069,0.772444708235038,3.39453634430477,-0.071612680943649,-0.314704529119967,-0.369834200020718
DGIK,0.2800000000,2.85578132531579,0.350166867167051,0.53885659175379,0.0015395729615177,0.00236918200031741,0.00659090120542476
DGNS,51.1800000000,5.46385696963262,0.183020896329802,0.224021514757965,0.261428172606977,0.319993707834799,0.255053339277734
DIGI,-7.7000000000,1.69170492903779,0.591119634893292,1.44570315754591,-0.347070709829024,-0.848831930920543,-0.458155121680401
DILD,-7.0000000000,1.58847182975097,0.629535872950781,1.69931668678717,-0.00677399906081835,-0.0182851687011476,-0.0594525457550528
DIVA,1784.7300000000,11.1884918784238,0.0893775506892422,0.098149953097347,0.534291093568019,0.58673173934205,0.346631819783853
DKFT,-7.0700000000,1.28601431278804,0.777596322261785,3.49632852374442,-0.0413116959257297,-0.185750956755115,-0.0990997161068604
DLTA,177.0000000000,4.07298279725385,0.245520310243941,0.325416725695192,0.000111056961393265,0.000147196754135519,0.000293026136166795
DMAS,13.1700000000,9.4965854806562,0.105301005507392,0.117694337599105,0.0976182660383574,0.109107383197315,0.485575575032149
DMMX,3.1600000000,9.0076398820548,0.111016871577229,0.124880740733735,0.217594582086972,0.24476795467764,0.316399167103626
DMND,22.0000000000,5.98421852564221,0.167106197027236,0.200633257722413,0.0360985380916139,0.043341105387951,0.0427554277154287
DNAR,0.9700000000,1.6009516585707,0.624628479346329,1.66402735683997,0.00166785550966188,0.00444321270499553,0.0275068788123288
DNET,28.4800000000,2.57060312217467,0.389013765436503,0.636698084883081,0.0242745360529774,0.0397300866693334,0.793488997496568
DOID,-26.4679500000,1.21688250086,0.821772027532055,4.61079153935758,-0.0115676909728176,-0.064903902640188,-0.0269845475713401
DPNS,56.2300000000,5.40280724643333,0.185088964752565,0.227127817328385,0.0482883302038423,0.0592559532454734,0.17201493819762
DSFI,6.2100000000,1.25090542491731,0.79942094748378,0.965858639892781,0.0466658512229345,0.0563815793587732,0.0294332279131545
DSNG,39.2300000000,1.87682259238551,0.532815410501301,1.1404815622729,0.0303744421843085,0.0650159334598366,0.0839654302603378
DSSA,1144.5600000000,2.54343247670349,0.3931694704536,0.647906542783025,0.0443538579485249,0.073091012711043,0.0945742310192083
DUTI,229.7500000000,3.41782799366271,0.292583477534324,0.413594351054362,0.0303043437467591,0.0428380491328283,0.341729327461719
DVLA,239.0000000000,3.21073616463322,0.311455052275912,0.452338011200857,0.122884330898821,0.178469584745342,0.170597952973468
DWGL,5.5400000000,0.994592710812979,1.00543668692545,-184.935550035003,0.0461816368307175,-8.49444477197476,0.0296655250924572
DYAN,-17.0000000000,2.16159770889012,0.462620771611315,0.860883240683623,-0.0956469710918758,-0.177987845527023,-0.379467864538754
EAST,1.1700000000,24.291860775337,0.0411660518413343,0.042933452575797,0.0189461359482365,0.0197595589774647,0.159642421420488
EDGE,240.0000000000,4.31414862409935,0.231795444972359,0.301736618789013,0.0671798498895261,0.0874504706459452,0.192962115146457
EKAD,114.7031832764,7.75429669377077,0.128960760658452,0.148053904845824,0.07348098892684,0.0843601362693915,0.188829103548133
ELSA,5.1500000000,2.10784564379673,0.474418040496914,0.902652824966548,0.00531552781774492,0.0101136040186206,0.0065662132948467
EMTK,3.7200000000,9.27089475132857,0.10786445395216,0.120905903178053,0.0202144058494399,0.0226584468458741,0.0573017502699324
ENRG,22.4619900000,1.66702436837541,0.599871255016232,1.49919560275673,0.0168151977031371,0.0420244681591652,0.0607883825070984
ENZO,2.4800000000,2.39039739004163,0.418340483538841,0.719218841435007,0.0203651878489602,0.0350122146592957,0.00667581481240109
EPAC,2.8400000000,1.99566515818574,0.501086064412278,1.00435371447782,0.00225053159818136,0.00451086136836451,0.00728329411215676
EPMT,249.0000000000,3.14721477897347,0.317741263380242,0.465719596284669,0.0685340040933814,0.100451632811523,0.035609716345426
ERAA,45.0000000000,2.25018791516828,0.444407328498702,0.799879752369382,0.0718196132524154,0.129266667716022,0.0256342722186604
ERTX,15.7377000000,1.35770121585998,0.736539076726531,2.79562930082809,0.0183222853522204,0.0695446031410212,0.0198296452614203
ESIP,1.5800000000,2.7308960993905,0.366180170759036,0.57773542869045,0.0118875246265614,0.0187553687627561,0.0263274369595519
ESSA,8.0119200000,1.55869144409432,0.641563796214362,1.78989674993336,0.00951841689875468,0.0265554003703464,0.0321218553092831
ESTA,0.2700000000,3.54218524367162,0.282311604619373,0.393362365110625,0.00197976395368258,0.00275852858486392,0.0226759660767365
ESTI,7.0104300000,1.3647002698294,0.732761634263479,2.74197768065209,0.0189392062268676,0.0708700869902054,0.0455190805540933
EXCL,95.0000000000,1.4064882144583,0.710990671461222,2.46009592512452,0.0148195484908964,0.0512770593455358,0.0513327824632821
FAPA,39.1000000000,1.58239938503339,0.631951711722197,1.71703478008081,0.0192777528758908,0.0523783250455983,0.0696395340916757
FAST,-51.0000000000,1.42005692540463,0.70419712203795,2.38062971830955,-0.0567850058203043,-0.191969078230502,-0.0582545094986415
FIFA,5782.0000000000,1.38720679223689,0.72087305627122,2.582599324312,0.0515082379908057,0.184533378622362,0.245856076299434
FILM,2.3400000000,27.1210141276247,0.0368717775557451,0.0382833528252042,0.0148351418381079,0.0154030808073082,0.105018848115483
FIRE,12.6900000000,3.13137494209754,0.319348534905933,0.469180705960574,0.034186269254616,0.050225807197655,0.0265745088598012
FISH,615.2010000000,1.526652206445,0.655028038330109,1.89878631051447,0.0496798412887048,0.144011243836229,0.0235406545243265
FITT,-8.7500000000,1.68096010942004,0.594898114711964,1.46851480162572,-0.0888392561366873,-0.219301018738831,-0.974690651562412
FMII,3.6000000000,3.68160664211629,0.271620544291818,0.372910770839534,0.0112425797940982,0.0154350588913404,0.24370897155361
FOOD,-13.5500000000,1.73428975483657,0.576604916918417,1.36186021037781,-0.0929818767616182,-0.219610195009519,-0.147828458335527
FORU,-2.3200000000,6.39713246828028,0.156320039479943,0.185283575283198,-0.0240573374902778,-0.028514766992271,-0.0313107781241281
FPNI,24.3219000000,2.60763248493791,0.383489623547857,0.622032715417929,0.0556220271950867,0.0902207478082964,0.031461071216637
FREN,-1.2100000000,1.43349380213986,0.697596319221778,2.3068380564236,-0.0105851639885986,-0.0350034231109823,-0.0578017340558899
FUJI,6.4900000000,108.484200858087,0.00921793212366603,0.00930369293362764,0.0562197398829734,0.056742791079653,0.708389824009239
GAMA,-0.0050000000,4.53869304056655,0.220327744366509,0.282590207326912,-0.00366232901129043,-0.00469726732589035,-0.275885409705753
GDST,-2.4400000000,2.03130204377836,0.492295078943519,0.969648034766147,-0.0127141674599817,-0.0250424349512407,-0.0185147325223849
GDYR,100.1490000000,1.66899963151582,0.599161306639584,1.49476913422838,0.0235390220944595,0.0587244257711773,0.024797990617314
GEMS,477.9839605923,1.87113151441579,0.534435977533212,1.14793229661842,0.278040185372904,0.597211493920233,0.188970140599383
GGRM,2149.0000000000,3.26078627888018,0.306674499484039,0.442323986721701,0.0496637169319388,0.071631170200692,0.0449064576960162
GGRP,47.2131000000,3.18268943057246,0.314199679803547,0.458150383647446,0.0377120166098792,0.0549897914878143,0.0800187930135518
GHON,120.0000000000,3.80248754546827,0.26298573974076,0.356825849812263,0.0674072390223522,0.0914598843700014,0.529522685246267
GJTL,5.5500000000,1.57103110315303,0.636524635313089,1.75121809386278,0.000805362637057047,0.00221572825919239,0.00138606382161806
GLOB,1.7600000000,0.0163249236820829,61.2560290923461,-1.01659584966124,0.148704464500475,-0.00246787693680537,0.0620559875829591
GLVA,15.4700000000,1.71836846169149,0.581947365942484,1.39204329439154,0.0455289306793922,0.108907173332457,0.0207514821529025
GMFI,-19.7344892288,0.662450427800168,1.50954691556431,-2.96252782512191,-0.0792272608433979,0.15548570391336,-0.235508926112914
GOLD,9.5800000000,10.7106527305012,0.0933649913933125,0.10297968918804,0.0344722018686147,0.038022138502672,0.371197022052212
GOOD,8.5600000000,1.79068939176243,0.558444141457598,1.26471913044264,0.0568387657929216,0.128723840241978,0.0581693284908406
GPRA,10.4200000000,2.65145030949085,0.377152080286213,0.605528361497175,0.0285680201987835,0.045866766660971,0.178973795875945
GPSO,-9.0584043754,4.25294795515639,0.235131022186052,0.307413464274723,0.0856436630396414,0.111971678187835,0.661392313485618
GSMF,-1.9600000000,1.47662945295716,0.677217969611375,2.0980658954156,-0.00280125450968808,-0.00867847106084378,-0.0160929359377358
GTSI,-2.8614000000,2.11817261301944,0.472105055958828,0.894316305332917,-0.0121390481812473,-0.0229951969009586,-0.08428909689643
GWSA,6.2753659846,13.436345125207,0.0744250010461526,0.0804094764122553,0.00627288388087898,0.00677728318933534,1.22060898828443
GZCO,-6.0000000000,2.05551912030444,0.486495109737481,0.947401123071621,-0.0198311843174322,-0.0386192706116078,-0.082901971535561
HAIS,28.8720000000000,4.76711916319719,0.209770296433984,0.265454836090529,0.0535785937277193,0.067801290543672,0.0975592043561992
HDFA,4.0400000000,2.13612300297923,0.468137835979159,0.880186385961486,0.0246818397037315,0.0464064589914396,0.233828582879389
HDIT,-5.8800000000,8.6907185222484,0.115065284583775,0.130026862523587,-0.0186735342431108,-0.0211015953129693,-0.00415571712142322
HEAL,51.3400000000,2.25487256823101,0.44348404166561,0.796893664995562,0.134079644162983,0.240926863201324,0.217072196604648
HELI,3.3000000000,1.8663870340514,0.535794549445235,1.15421856594944,0.00903944422913725,0.019472938584272,0.052143483641083
HERO,179.0000000000,1.31714153868893,0.75921984891266,3.15316626177073,-0.165108137589415,-0.685721546580158,-0.16804570545692
HEXA,0.0500000000,2.09377364077526,0.477606547587316,0.914265952954582,0.142380997991222,0.272555096802291,0.12596394033739
HKMU,-3.7600000000,1.98170548601053,0.504615850871538,1.01863544031297,-0.0137602221854549,-0.02777687217014,-0.0388019247606821
HMSP,48.0000000000,2.27712074713244,0.439151064456856,0.783011318424929,0.113698514160969,0.202725737637104,0.0765933215534742
HOKI,1.1925002475,3.05532144614827,0.327297804052881,0.48654189926059,0.0115693417250238,0.0171983112211116,0.0181227922176278
HOMI,5.9700000000,1.87667605691339,0.532857014036148,1.14067219255515,0.0184317022542916,0.0394562324772181,0.123743548665929
HOTL,-7.7400000000,1.29711373552687,0.770942418240457,3.36571447370717,-0.0205407602432922,-0.0896750942950898,-0.741066087706901
HRME,-3.5962320000,3.48942644685577,0.286580048391928,0.401698954095644,-0.023044524935678,-0.0323014864999708,-0.511138245879321
HRTA,33.2000000000,1.79546918371944,0.556957484465666,1.25711972313525,0.0460454096448457,0.103930002269223,0.0391944699196964
HRUM,206.0208000000,1,1,1.30946971379871,0.0750768506810145,0.0983108621741767,0.253049880630061
IATA,-5.7228040000,1.30381891790996,0.766977673251601,3.2914342756509,-0.0915844775021154,-0.393028765870156,-0.645968932589754
IBFN,-50.3400000000,0.662983457003675,1.50833326146546,-2.96721339287758,-0.0973838290868399,0.191574772829333,-7.51368962462052
ICBP,426.0000000000,1.97038899931415,0.507513998681518,1.030514567567,0.0566765846233683,0.115082630717693,0.14269087413504
ICON,3.8300000000,2.82265586345827,0.354276273259474,0.548649923470808,0.0221106706757593,0.0342416884499029,0.0765485801563189
IDPR,-55.0000000000,1.75634694770859,0.56936358804543,1.32214455684601,0.0765530110477093,0.177767157914611,0.187537119036598
IFII,6.1400000000,16.5868248104045,0.0602888142504964,0.0641567485465342,0.0513336966862422,0.0546270997565055,0.114110523245931
IFSH,21.0000000000,2.15522470177494,0.463988742879778,0.865632459610284,0.0330591884583862,0.0616762950763389,0.0531057683231945
IGAR,55.3400000000,6.63902874117768,0.150624442065996,0.177335503310656,0.0974471296139935,0.11472796539027,0.108798450123967
IIFF,16.0000000000,1.17224938090818,0.853060804540814,5.80553610542777,0.00220524703132499,0.0150078882930696,0.0466522423401935
IKAI,-3.6700000000,2.70917027725015,0.36911670277699,0.585079212592487,-0.0410135624606104,-0.0650097452906771,-0.399932250100217
IKAN,0.0200000000,2.19585519123439,0.455403436434191,0.836221649017365,0.000110166152639188,0.000202289474465029,0.000208021460577005
IKBI,0.0713450000,2.47857859691206,0.403457046407909,0.67632522348724,5.50394006637857E-05,9.22639356183243E-05,3.5212350310315E-05
IMAS,-29.3300000000,1.34451982535106,0.743759951430168,2.90259058090787,-0.0018695202431201,-0.0072959720916171,-0.00664743275354991
IMJS,2.1700000000,1.1867615418844,0.842629260139446,5.35442141840409,-0.000873403131451489,-0.00554997156539654,-0.00716563275955128
IMPC,32.6900000000,2.39317338156223,0.417855224240884,0.717785749594681,0.0560831896706279,0.0963389040080202,0.0981429304859898
INAF,0.9100000000,1.22736767089896,0.814751784416456,4.3981626589489,0.00121218716225902,0.00654358347496387,0.0018923271782499
INAI,-29.6700000000,1.28032452355255,0.781051976748265,3.56729403238436,-0.0136950562065976,-0.0625493484855616,-0.0185718926030423
INCF,3.6100000000,1.36372623113231,0.733285007775861,2.74932054497945,0.00953785540926853,0.0357604772410139,0.018167897860721
INCI,12.0000000000,3.94405293041739,0.253546293024564,0.339667806128141,0.00465931108110701,0.00624192905409517,0.00629113921954259
INCO,177.4812000000,8.22339606369544,0.121604260849698,0.13843903770222,0.0511619080436522,0.0582447133602249,0.179095410622741
INDF,616.0000000000,1.93040198173103,0.51802682004257,1.07480424551491,0.0464853052919263,0.0964479087737457,0.109896561272118
INDO,1.6900000000,590.757553965954,0.00169274179108953,0.00169561202442475,0.0074490034785445,0.0074616340984127,1.08512662244357
INDR,1589.5077000000,2.05230919759365,0.487256014431213,0.950291038305791,0.0643320300928245,0.125466181766054,0.0853475235744692
INDS,219.6600000000,8.37605142648988,0.119387996692263,0.135573892070311,0.0479068761418585,0.0544017977973406,0.0763278699963105
INDX,-0.4300000000,6.38831594283868,0.156535777026026,0.185586741870444,-0.00289409954405225,-0.00343120604908165,-0.0507769157537784
INDY,-183.3764440460,1.30105105161639,0.768609347617548,3.32169575436072,-0.00227995890684028,-0.00985328872780856,-0.00389421665912007
INKP,1022.0927944000,2.15555962973236,0.463916648932677,0.865381564282933,0.0453479199944489,0.0845911739362224,0.155899531918051
INOV,14.2100000000,1.59078275082693,0.628621349760159,1.69266959571905,0.0286015828712805,0.0770146125869357,0.0552890196496092
INPC,1.6000000000,1.15460935908831,0.866093793652952,6.46791375306589,0.000951160166223003,0.0071031820867052,0.0147103484929011
INPP,-4.3263468193,3.01023073713602,0.332200448179403,0.497455332627488,-0.00890659547024025,-0.0133372288824671,-0.264196238011634
INPS,-6.4800000000,1.36284946299129,0.733756755353686,2.7559638417434,-0.00711546897754588,-0.0267254441967092,-0.0152692330631063
INRU,38.2712250000,1.48844537815126,0.671841919548341,2.04731182795699,0.0078357408876204,0.0238779458876518,0.0318365206506018
INTA,-59.0000000000,0.650448435680887,1.53740088398122,-2.86080825284787,-0.0797996025641543,0.148491759025358,-0.490356773468114
INTD,2.0000000000,4.8739630531047,0.205171846627562,0.258133592471558,0.0230675523977044,0.0290220625676498,0.025530478952148
INTP,0.0003282200,1,1,1.21841960896449,0.0460174445807196,0.0560685568315853,0.113893630039554
IPAC,1.6700000000,4.08359330069838,0.244882368630828,0.324296981632927,0.0505450118501563,0.0669366066297626,0.116099781268834
IPCC,9.1300000000,2.18896767450571,0.456836348771487,0.841065759349372,0.00882451939505362,0.0162465205009477,0.0477219054409808
IPCM,17.1600000000,4.79870636571189,0.20838949579105,0.263247512107348,0.063513455173377,0.08023321423311,0.150887005580905
IPOL,14.7705112620,2.66790550522262,0.374825869223039,0.599554349373364,0.0245718006386056,0.0393039305834168,0.0406151881676089
IPTV,6.1700000000,3.19133148177509,0.313348834400549,0.456343555649531,0.022007860745653,0.032051006170564,0.0877941435261515
IRRA,53.0000000000,2.30363548190438,0.434096456603158,0.767085595537166,0.0945936726490706,0.167155116367131,0.0781737783067183
ISAT,1067.4100000000,1.36874935685739,0.730593950594412,2.71186913659281,0.083986880193066,0.311748308467359,0.254438737053078
ISSP,63.0600000000,2.22631895446448,0.449171938277163,0.815448539190757,0.0648761926284626,0.117779389135601,0.116796296441931
ITIC,16.7600000000,2.41172349971341,0.414641230687859,0.708354008559754,0.0311751277795838,0.0532581545096145,0.0903698631273088
ITMA,130.1937000000,16.6563471694216,0.0600371732066105,0.063871859072792,0.0446702036099225,0.0475233725596484,52.0830130568407
ITMG,3.5767500000,3.20065135943718,0.312436403624993,0.454410915982507,0.179847898669776,0.261572747041838,0.205149828653904
JAST,-9.2800000000,2.16287894185842,0.462346727154671,0.859934739554126,-0.0935998223060825,-0.174089561123176,-0.182681934032353
JAWA,-29.6000000000,1.0759321844703,0.92942660739563,13.1696461385375,-0.0312062975599592,-0.442182193718527,-0.201967826599803
JAYA,10.0300000000,5.05313690969979,0.197896874331753,0.246722482432519,0.0446301657746152,0.0556414310659031,0.0743542420129301
JECC,-332.2600000000,1.63237116934748,0.612605771761909,1.5813497649361,-0.0284191777256253,-0.0733598377417203,-0.0396956438878675
JGLE,-2.3900000000,2.54954018448601,0.392227589149218,0.645352737548853,-0.0164768962077522,-0.0271103062817334,-1.05065629557608
JIHD,-47.9900000000,3.44266649931046,0.290472516057042,0.409388674336955,-0.022920255368099,-0.0323035483287095,-0.241977429641593
JKON,0.0000000000,2.66386348362859,0.375394612428805,0.601010846045601,-0.0216145074174473,-0.0346050608072663,-0.0457849846979266
JPFA,129.0000000000,1.7376285709391,0.575496982913644,1.35569586021711,0.0545762485702621,0.128565042823146,0.0492754740075854
JRPT,53.8500000000,3.22319166331739,0.310251485005013,0.44980377378162,0.0565308427118542,0.0819586290987014,0.390635332345875
JSKY,1.0000000000,2.05859968319081,0.485767100891616,0.944644151966698,0.00418489940941721,0.00813814016309206,0.0161776914572916
JSMR,103.2600000000,1.31586624281254,0.75995566073843,3.16589703000798,0.00210067710491926,0.0087512045123889,0.020809033365993
JTPE,20.1600000000,2.54099486451452,0.393546643468348,0.648931429317283,0.0268690218924723,0.0443051746735117,0.0581542831910097
KAEF,53.0600000000,1.62388978091406,0.615805340826223,1.60284721851816,0.0156374330499037,0.040701849118706,0.0310412143029153
KARW,-371.9820000000,0.345875054456997,2.89121747033749,-1.52875992088924,-0.0805981913575455,0.0426170932860316,-0.878591887539121
KAYU,0.2200000000,3.71556582044528,0.269138012438751,0.368247380519069,0.00136808309815757,0.00187187611539484,0.0335994990951209
KBAG,0.2400000000,5.66344552591912,0.176570957630551,0.214433725974082,0.00376058395697214,0.00456697998670403,0.0810493839203074
KBLI,5.2200000000,5.87090710342577,0.170331429604206,0.161973051319146,0.00913568647606054,0.0086873868073614,0.0186365933816774
KBLM,-9.0000000000,3.63734565658533,0.274925754771071,0.379169107963928,-0.00918406362496899,-0.0126663768371324,-0.0116686448489591
KBLV,118.0000000000,1.27742123290316,0.782827131914291,3.60462676030664,0.0306476152609136,0.141120829369985,1.96198542083291
KDSI,153.7300000000,2.13231647775119,0.468973536730642,0.883145321691358,0.045638259157099,0.0859434742218287,0.0393116183864076
KEEN,10.0149000000,2.10489844830352,0.47508230185925,0.905060552429427,0.0103285053649808,0.0196764281363807,0.117734264900414
KEJU,69.9300000000,3.57456427468666,0.279754376521222,0.388415239748367,0.138370160956846,0.192115240198919,0.142584420960691
KIAS,-1.0100000000,6.53107411063996,0.153114171277106,0.180796709643852,-0.015764872832694,-0.0186151099687989,-0.0387359482463743
KICI,63.0000000000,2.14775235105842,0.46560302890936,0.871268091132929,0.0945621513575123,0.176951136464195,0.16602608222372
KIJA,-8.7300000000,1.98812250795423,0.502987112715199,1.01202026261942,-0.0103876142396966,-0.0209000903305435,-0.0775478083292573
KINO,58.0000000000,1.98240126755666,0.504438741220395,1.01791399606711,0.0153846711781139,0.0310449432952064,0.0279140723103655
KIOS,3.0500000000,40.2678025139769,0.0248337365728587,0.0254661563922265,0.0346185908886549,0.0355001933383039,0.00788250811370965
KJEN,-3.9200000000,8.23605221860095,0.121417394336272,0.138196902093853,-0.0277353878372284,-0.0315683325147049,-0.271631696079764
KKGI,27.1833000000,4.21414177940895,0.237296240218157,0.311125043209478,0.0768157985612159,0.100715117207745,0.114822880396478
KLBF,48.8100000000,5.67639235964872,0.176168230918746,0.213840055130686,0.0957816056584328,0.116263549492938,0.121699979855165
KMDS,27.0000000000,5.42343405940499,0.184385020458737,0.226068702860807,0.125623559224945,0.154023114307686,0.138739898586726
KMTR,6.4600000000,1.60409499015584,0.62340447799968,1.65536880175423,0.0100166894763709,0.0265980047324153,0.00556624819695331
KOBX,29.4724200000,1.3589214754043,0.735877692787574,2.78612473347709,0.0469239429189084,0.177659900877546,0.0524664765018295
KOIN,-17.2800000000,1.11722381263881,0.895075801900484,8.53068994677039,-0.0162200788214707,-0.154588542159614,-0.00952313213483512
KONI,17.6200000000,2.43561741466241,0.410573513713608,0.696564411790138,0.0228241829960058,0.0387226965992091,0.0307888984340701
KOPI,2.3000000000,1.63884295758988,0.610186592540035,1.56532992673604,0.0237254452757964,0.0608635947911387,0.038191836300939
KOTA,-1.6800000000,5.10851451681372,0.195751621476006,0.243396973749902,-0.0113607756806343,-0.0141259541007522,-3.43209402117468
KPIG,0.9500000000,4.78490540305359,0.208990547516745,0.264207395829026,0.00133566739190248,0.00168856059521078,0.0817035152618693
KRAS,44.3951000000,1.1267189038028,0.887532814639831,7.89148240704668,0.0159081206114677,0.141446774546042,0.0369807500613303
KREN,-20.9200000000,5.26587342697177,0.189902019839293,0.234418582060432,-0.0835053740222156,-0.103080585394929,-0.0282018799828959
LABA,28.2658271565,10.2366145624348,0.0976885467261498,0.108264775285415,0.316731011654978,0.351021823457726,3.14755794628813
LAND,-3.4200000000,2.62650126396327,0.380734634976358,0.614816614137339,-0.0124051231601777,-0.0200319989794749,-0.349281875242784
LCKM,2.0800000000,12.0305883701366,0.0831214541827635,0.0906569954788017,0.0139976403010249,0.0152666243145088,0.0564195090498205
LEAD,-6.1663170000,1.34897341538604,0.74130445314508,2.86554779221156,-0.0124920520437094,-0.0482886241977529,-0.0863720947174298
LIFE,53.0000000000,1.91968638483379,0.520918420790166,1.09695650751401,0.00701653576417203,0.0147755085240375,0.0396996948031463
LINK,250.0000000000,2.18239095823668,0.458213042088469,0.845743950453844,0.0739590498546492,0.136509468850533,0.211901956308493
LION,-28.0000000000,2.96575318298525,0.33718247551316,0.508710863935304,-0.0221383516535754,-0.0334003716493693,-0.0738425678152204
LMPI,-0.8900000000,1.52352129723294,0.656374152311641,1.91014196611577,-0.00125922375486988,-0.00366451989377671,-0.0021076464668474
LMSH,54.0000000000,4.65002114335505,0.21505278560486,0.27397101570782,0.0357577772545401,0.0455543718084204,0.0472230027150459
LPCK,128.0000000000,3.43747977396629,0.290910802609949,0.410259814534907,0.0389628340797122,0.0549477191630093,0.32039817826711
LPGI,734.0000000000,1.50583172370868,0.664084827179175,1.97694204046387,0.036786908754188,0.109512495209051,0.0608412112107035
LPIN,35.0000000000,12.0955965485069,0.0826747152147237,0.0901258436739546,0.0501609672706252,0.0546817667653919,0.16687552282576
LPKR,-8.1000000000,1.56292944578079,0.639824147340466,1.77642155246114,-0.00921951416446043,-0.0255972578294287,-0.0540744218385804
LPLI,300.9400000000,70.7185767097967,0.014140556081942,0.0143433794433655,0.328801534662939,0.33351765983617,82.1616515045486
LPPF,168.0000000000,1.22446077299645,0.816686023802004,4.45512143012986,0.0759558061710132,0.414348145986284,0.107397163422675
LPPS,71.9100000000,120555.377954574,8.29494309558559E-06,8.29501190223729E-06,0.14737680625482,0.147378028747182,1378.60802520741
LRNA,-50.7400000000,5.38619008286352,0.185659990571361,0.227988295333327,-0.0721706705836508,-0.0886247387430805,-0.349325208494596
LSIP,110.0000000000,6.35315075375527,0.15740221486306,0.186805873026926,0.063916405437201,0.0758563653556403,0.225107910070998
LTLS,90.0000000000,1.72208304683554,0.580692087897605,1.38488225749434,0.0287697716873518,0.0686125180493284,0.034445573531639
LUCK,-1.0000000000,5.29336847345514,0.188915622446225,0.232917348273916,-0.00633205933133473,-0.00780690579990231,-0.0155196139187155
MAGP,-4.1009296847,1.12361580034861,0.889983924834217,8.08958075893092,-0.0335923209979519,-0.305340114590815,-0.224838182232409
MAIN,8.0000000000,1.59247146518525,0.627954736936948,1.68784499973737,0.00346559151250361,0.0093149728180151,0.0027790829178539
MAPA,0.4900000000,2.24630354559629,0.445175809814495,0.802372747420494,-0.00278883575365995,-0.00502652155942859,-0.00392380708764301
MAPB,-34.0000000000,1.73391281694629,0.576730265920271,1.36255966227823,-0.0331071162033441,-0.0782175372763787,-0.044814053063364
MAPI,-5.0000000000,16.182936125534,0.0617934837190741,0.161581473608537,-0.00354476865771794,-0.00926908322436307,-0.00495229158340554
MARI,-2.0100000000,2.65520266448005,0.376619085758496,0.604155624842551,-0.0475411873917154,-0.0762634631661141,-0.324644127999175
MARK,72.6700000000,2.50074020366077,0.399881602469591,0.666337849522982,0.263678600660805,0.439377632390355,0.331964423481552
MASA,72.7882698943,2.29731385650937,0.435290980014128,0.770823494239597,0.0958482346055911,0.169730305720969,0.160703219904534
MASB,12.1200000000,1.126655268362,0.887582944030311,7.89544732669059,0.00640704504353801,0.0569935317045264,0.147187991277659
MAYA,2.4200000000,1.13802158811182,0.878717952670104,7.2452433976475,0.00022798229934123,0.00187976954842377,0.0046206263515721
MBAP,572.8400000000,2.92401453661118,0.341995563797354,0.519746592851282,0.216916085618087,0.329657482052724,0.246508034442401
MBSS,34.3368000000,8.95910680831441,0.111618269699828,0.125642239020509,0.0252954687449552,0.0284736480751447,0.0855403079094187
MBTO,-62.1500000000,2.10448357145864,0.475175959348017,0.90540052006328,-0.0666849976729415,-0.127061629246441,-0.452530777632658
MCAS,66.0000000000,3.81564090983784,0.262079169300682,0.355158925453173,0.0642837431051724,0.0871146882305133,0.0136669485905678
MCOL,519.4871700000,2.9748777038182,0.336148272151329,0.506360468836433,0.279670940228711,0.421285248642847,0.34911875742798
MCOR,1.8300000000,1.30269644150136,0.767638544285497,3.30363976213281,0.00266024266758887,0.0114487261211577,0.0689443681373211
MDIA,0.8604799622,1.90579916276528,0.52471426136478,1.10399748764079,0.00612223559504838,0.0128811683107268,0.033459117267841
MDKA,12.8763000000,2.83135689413363,0.353187548370157,0.54604321156804,0.0158295320563375,0.0244731405779992,0.0709234318030128
MDKI,9.2000000000,9.99208805979268,0.100079182050438,0.111208875330237,0.0237077377270369,0.026344248576285,0.0799310086548406
MDRN,-1.3000000000,0.35376376186281,2.82674515539497,-1.54742173370307,-0.0331274915532327,0.0181347088593044,-0.171458075764636
MEDC,5.1505200000,1.30524047693263,0.766142345163893,3.27610548263141,0.0133156625115309,0.0569391774704266,0.0735424208138152
MEGA,363.0000000000,1.18041902796113,0.847156794589494,5.54265263093771,0.0211272194757023,0.138228058087102,0.321352361664711
MERK,263.0000000000,3.71212486149561,0.269387490268068,0.368714587664134,0.127340058750896,0.17429219600636,0.149843416728449
META,0.7100000000,2.01002458240128,0.497506353283177,0.99007491245664,0.00430459189153244,0.00856646033170299,0.0456351653405386
MFIN,120.0000000000,2.10351364816876,0.475395061434739,0.906196313620101,0.0640768138840051,0.122142986414212,0.249291244844615
MFMI,39.0000000000,1.54820850241901,0.645907833755947,1.82412347781443,0.087597558060154,0.247386320316893,0.272625673299906
MGLV,2.5900000000,2.43409058460815,0.410831053833185,0.697306021483462,0.0272786087787759,0.0463001469379081,0.0525810819714551
MGRO,14.0200000000,1.51649495419408,0.659415316374355,1.93612733653975,0.0288767100496824,0.0847856977662046,0.0119969924584241
MICE,39.8516405684,3.05515043875948,0.327316124048557,0.486582384014484,0.0226040725115206,0.0336028160026125,0.0429969723142495
MIDI,68.0900000000,1.33339675965356,0.749964324391951,2.99942927171553,0.0319736528303952,0.127876363053553,0.0194486425040755
MIKA,62.0000000000,7.43647907943076,0.134472240063983,0.155364445010896,0.150618452767608,0.174019205090247,0.296454539364455
MINA,-29.3600000000,17.5387221682674,0.0570166965646613,0.0604641634236221,-0.0342343985244626,-0.0363043527915552,-1.79428506219889
MIRA,-2.2000000000,3.14062682442899,0.31840777523188,0.467152886522735,-0.0290394935111934,-0.0426053767281057,-0.140471053404846
MITI,1.4500000000,4.55931929323228,0.219330986861212,0.280952597284939,0.0193407357997164,0.0247745657560485,0.0961095197710241
MKNT,-3.0000000000,1.10685417527745,0.903461379408298,9.3585486706856,-0.0325463437076852,-0.337132885348919,-0.0110685501248717
MLBI,196.0000000000,1.4150263653188,0.70670061315409,2.40948547746323,0.143180591494982,0.488172147356736,0.246651845775029
MLIA,324.7500000000,2.09503534525175,0.477318916010858,0.913212531756312,0.072241220013276,0.138212807438765,0.134700291243424
MLPL,11.0000000000,1.4289975955371,0.699791240463314,2.33101539589753,0.00561020202205732,0.0186876693095684,0.0118945724216995
MLPT,95.0000000000,1.55524884868452,0.642983919162409,1.8009942791762,0.0727557107254738,0.203788329519451,0.0916044864396703
MMLP,12.0000000000,7.00033293680489,0.142850348551625,0.166657418935238,0.0204670888481931,0.0238780810487511,0.61527213570392
MNCN,127.2000000000,5.96319044746702,0.16769546584325,0.201483302038178,0.0899010764738432,0.10801464221858,0.255970226067207
MOLI,12.0000000000,2.79408782721956,0.357898556465605,0.557386313439169,0.0146691406638479,0.0228455188997907,0.0284455402053334
MPMX,75.0000000000,2.7791447599823,0.359822926246694,0.562067810609153,0.0332955267952419,0.0520098706441219,0.0337153362941072
MPOW,0.9900000000,2.4428385575888,0.409359839557735,0.693078234387602,0.00331654253949258,0.00561516598703546,0.0255592683844498
MPPA,-23.0000000000,1.00700834352542,0.993040431521268,142.687069544026,-0.0423709482200043,-6.08815738353407,-0.0349240419208446
MPRO,-0.9500000000,4.26816044064295,0.234292973262589,0.305982529977405,-0.00533723771833349,-0.00697033921848001,-0.174903291961052
MRAT,0.7900000000,2.51770380448407,0.397187309412245,0.658890092418226,0.000591693603264095,0.000981554656202048,0.00131580840651296
MSIN,18.8400000000,4.81276237457623,0.207780879704881,0.262277032177004,0.0654314291038928,0.0825925901403618,0.161618355610225
MSKY,-11.7000000000,2.65053508215373,0.377282310554228,0.605864129040584,-0.0285031404318814,-0.0457721707845646,-0.178467438827951
MTDL,143.1300000000,2.18582894460948,0.457492340590567,0.843291947414324,0.0783661616191384,0.144451714662327,0.0438268585845309
MTFN,-0.5500000000,0.95130602314367,1.05118644859981,-20.5364208175164,-0.0236632873155511,0.462295938922404,-0.0695146449030919
MTLA,26.4508164598,2.99479942661068,0.333912178262881,0.501303532906603,0.0343715480913978,0.0516021265810848,0.36745729817575
MTPS,-38.4900000000,4.4306139360617,0.225702355120763,0.291493015138855,-0.239845257336769,-0.309758474564618,-1.6677294058694
MTSM,-13.0600000000,2.68949587663498,0.371816892781843,0.59189253660194,-0.044909652274394,-0.0714913402769962,-0.192786440269008
MTWI,-4.1024390423,1.3481240621727,0.741771494226096,2.87253915675585,-0.0126926008500817,-0.049152593793014,-0.0168366631784528
MYOH,137.4816000000,7.56388117393034,0.132207259342809,0.152348888333275,0.137111658381889,0.158000467113902,0.176927696544131
MYOR,44.0000000000,2.2211252412871,0.450222248350354,0.818916820477785,0.0499372327443274,0.0908316726067711,0.0505471996649723
MYTX,-13.9900000000,0.973303351810698,1.02742890809904,-37.4578858330514,-0.029788518067363,1.08602639083571,-0.0961360404041096
NASA,-0.2600000000,18.6539119950273,0.0536080582060524,0.0566446689142712,-0.00249264435153494,-0.00263383936554866,-2.69515105030672
NATO,-0.3014340248,608.276428473638,0.00164398939888123,0.00164669655055344,-0.00299032371428967,-0.00299524787003488,-3.01439845244955
NELY,14.8900000000,8.85544952484635,0.112924815075082,0.12730016236971,0.0623001325579322,0.0702309495482114,0.243628355253334
NFCX,248.9200000000,4.69590006750499,0.212951720782959,0.270570086240204,0.191516130172839,0.243334666030093,0.0513570276620676
NICK,121.0000000000,136.872274213984,0.00730608156942445,0.00735985325766393,0.44302477530722,0.446285372642991,0.981219683112671
NICL,3.3900000000,7.55676115210246,0.132331825748095,0.152514324801864,0.061311981344533,0.0706629367815589,0.103738110876825
NIKL,27.1833000000,1.42488228299544,0.701812361578223,2.35359307747537,0.0267856479619205,0.0898281635807886,0.0333437571979307
NIRO,-1.8800000000,2.54703219581414,0.392613804271271,0.646398958409354,-0.0110492062693953,-0.0181914016931825,-0.224276563753985
NISP,88.6900000000,1.1772950592951,0.849404736819965,5.64031509944978,0.00963164385994785,0.0639571501557344,0.197851831290734
NOBU,10.3600000000,1.10489702039827,0.905061722077541,9.53315924707155,0.00281084847138716,0.0296071145685086,0.0612215004966857
NPGF,1.4800000000,2.11315667906921,0.473225676971797,0.898346134738351,0.0119751740883406,0.0227330254434202,0.0225266882742897
NRCA,7.0000000000,2.07666229157418,0.481541945485016,0.928796343872981,0.00739993222160491,0.0142729622139394,0.0157836967167246
NZIA,0.1000000000,5.00413761208282,0.199834632362115,0.249741666465812,0.00315048231723868,0.00393728902131694,0.024828077692229
OASA,2.8900000000,39.0455921741533,0.0256110855110032,0.0262842537822124,0.0212579620177975,0.0218167116863659,0.310698455687692
OILS,17.1100000000,2.28861535060434,0.436945421927689,0.776026763557501,0.0304043260484645,0.0539988967900014,0.0160786128998794
OKAS,-31.4065185425,0.993849477142537,1.00618858589647,-162.58780321199,-0.0259452269556598,4.19243222760158,-0.0543858524589814
OMRE,-81.6200000000,5.87547802435625,0.170198917578211,0.205108092991977,-0.0347605580687591,-0.0418902298455791,-3.02149480316846
OPMS,0.4400000000,121.088396152223,0.00825842964129175,0.00832719923024374,-0.0050402688851173,-0.00508224020829767,-0.0145343573122626
PADI,-4.0000000000,10.2072225439063,0.0979698439706307,0.10861038659936,-0.173537512966084,-0.192385489338822,-9.04651756391234
PALM,29.5405896070,28.6217847951816,0.0349384221548737,0.0362033086353798,0.0504210878299545,0.0522464980343939,0.801057560239188
PAMG,-2.8700000000,3.79723153261288,0.263349756634908,0.357496327472723,-0.0154717557163996,-0.0210028515645675,-0.283860478807398
PANI,24.8000000000,1.9650794019951,0.508885289309287,1.03618417089071,0.0123328951754467,0.0251120459374989,0.00542289794539019
PANR,-113.9800000000,1.64466589210641,0.608026228791822,1.55119110882779,-0.0802355745784324,-0.204696284476186,-2.23059994683304
PANS,135.1300000000,2.04986987031694,0.487835844840914,0.952498998469319,0.0369299641165625,0.0721057179510961,0.318179587851052
PBID,171.0800000000,4.52154947049855,0.221163122625249,0.283965909999961,0.121951180622605,0.156581158603673,0.0997549908961962
PBSA,25.5000000000,5.20808413432202,0.192009186911912,0.237637834244755,0.0575275677210885,0.0711982943236964,0.252739885633908
PCAR,1.5000000000,2.55553073286766,0.391308148690453,0.642867401376555,0.0237718513618733,0.0390539996727906,0.0235902279725979
PDES,-38.7000000000,1.27093968118855,0.78681940205441,3.69085840661367,-0.0907179889853264,-0.425545241262905,-6.06210184450663
PEGE,-27.5300000000,8.35418654217081,0.119700463348781,0.135976969616659,-0.164286208429384,-0.186625349201423,1.1413705861236
PEHA,13.0000000000,1.63576117886552,0.611336185819956,1.5729176823669,0.00582186831019732,0.0149791879197182,0.0144871202323592
PGAS,143.0700000000,0.516962884339302,1.93437484642256,1.29221657389237,0.15012479889438,0.100287570241285,0.146376000489504
PGLI,15.5900000000,3.06780420382412,0.325966043971603,0.4836047814153,0.075316600859533,0.111740069155151,0.736840980860813
PGUN,-0.3500000000,1.75344772821768,0.570304996212498,1.327232085981,-0.00100543966686007,-0.00233989145323479,-0.0031066672231778
PICO,56.2300000000,1.22795602038539,0.814361413111644,4.38681109763784,-0.028491486681974,-0.153478256646658,-0.0963471396746214
PJAA,-121.0000000000,1.65140376167594,0.60554542941403,1.53514618556576,-0.0487866046642763,-0.123681174721345,-0.792729787767907
PKPK,-4.2300000000,2.30046112458334,0.434695457060211,0.768958011198064,-0.0378711072202411,-0.0669923985101864,-1.21882866906008
PMJS,8.0000000000,3.41756444773341,0.292606040147456,0.413639438211276,0.0379445014975078,0.0536398437801439,0.0191637893565928
PMMP,51.5052000000,1.39187291156303,0.71845639906666,2.5518477304578,0.0329948681361599,0.117192747506174,0.0662986393547671
PNBN,93.7300000000,1.31691062012085,0.759352977127812,3.15546383273197,0.0114745030300796,0.0476818823400692,0.17430429718008
PNBS,0.0600000000,13.9775115993326,0.0715434927664628,0.282013951342525,0.000200349659802117,0.000789748962849231,0.00227379536508832
PNGO,224.6500000000,1.83610005573404,0.544632628748666,1.19602910338533,0.120919285091101,0.265542269220605,0.113906584875399
PNIN,192.7700000000,7.52416285400344,0.132905150965456,0.153510935470619,0.0400108036027025,0.0462141297411303,0.623353900072811
PNLF,41.5400000000,7.08121732877201,0.141218656845463,0.164490959519396,0.0439333340662348,0.0511733820223861,0.433266695717672
PNMP,183.1390000000,1.1872304233565,0.842296474489619,5.3410123316119,0.0135260568754346,0.0857688934452144,0.0866781520239657
PNSE,-40.0000000000,1.80139600297688,0.555125024340821,1.24782254501567,-0.114336856906342,-0.257008964680307,-1.179980620286
POLA,2.0114887374,77.6985430589379,0.0128702541982216,0.013038057310053,-0.0226734781349889,-0.0229690962423311,-0.576066647663791
POLI,4.5900000000,3.28808885191097,0.30412803456294,0.437045964873618,0.00350911808032367,0.00504276397759418,0.0663619924084381
POLL,8.6400000000,1.30909046919152,0.763889145581812,3.23529872213689,0.0223727144570626,0.0947551289507305,0.257863966566404
POLU,-27.0000000000,2.92438380193878,0.341952379621659,0.519646859941618,-0.0937084610623163,-0.14240376860331,-0.275387890442529
POLY,-14.3070000000,0.194720802169765,5.13555813686594,-1.24180532999539,-0.0150465014594739,0.00363832425068424,-0.0132505498241961
PORT,-15.7700000000,1.70918623581759,0.58507374974363,1.41006684774013,-0.035738806139644,-0.0861329118549673,-0.0734701123624644
POWR,60.0894000000,2.03922009762713,0.490383554557754,0.962260066258652,0.0484340045947681,0.0950401130653014,0.172389552364158
PPGD,0.3200000000,1.64453711638546,0.608073840375159,1.5515010300849,0.0305563541236296,0.0779645690220799,0.131017805855208
PPLN,91.5260000000,2.47135496121294,0.404636329339432,0.679645650683524,0.00774911803772757,0.0130157724087024,0.0461385679435085
PPRE,5.5000000000,1.72126132851711,0.580969306306041,1.38646002559983,0.0153692418681286,0.036678081342064,0.0569295828789575
PPRO,0.2000000000,1.29980416752018,0.769346663896177,3.33551067108725,0.000675407222346163,0.00292823521981119,0.0156219853792131
PRAS,2.7000000000,1.42691791530296,0.700811160386671,2.34237066226267,0.00114132390500826,0.00381472753623867,0.00861695744402884
PRDA,545.1600000000,5.54551708177724,0.180325835310477,0.219996973283623,0.195673855340087,0.238721511265644,0.256744551009623
PRIM,31.0800000000,6.67045396037449,0.149914834273717,0.176352723606975,0.0904004410571757,0.10634280505288,0.205486973621717
PSAB,-8.5842000000,1.70528527292932,0.58641214808723,1.41786598754093,-0.00545495896520855,-0.0131893597454092,-0.026468970900618
PSDN,-46.2000000000,1.08579780459336,0.920981784794187,11.6553098851368,-0.0863538029116292,-1.0928341356067,-0.0946961192801041
PSGO,3.2600000000,1.56270101034298,0.639917676754122,1.77714271277116,0.0173976129066579,0.0483156539033384,0.0573719417866565
PSKT,-1.1600000000,6.346865080464,0.157558099521929,0.187025478472186,-0.0282035828411548,-0.0334783714166517,-0.369278801901495
PSSI,40.0596000000,3.78033975628489,0.264526488217753,0.359668273540859,0.10623531517918,0.144444787578745,0.204593376731821
PTBA,426.0000000000,2.88259651229815,0.346909460180658,0.531181266653504,0.150767695707577,0.230852671283957,0.250409107628133
PTDU,-1.9200000000,1.39188546647529,0.718449918535561,2.55176597640695,-0.00892874726569384,-0.031712820750228,-0.0594403658859724
PTIS,1.2825000000,1,1,2.19301609525277,0.001482118088738,0.00325030882366772,0.00648952147643132
PTPP,21.0000000000,1.33820960469458,0.747267092159477,2.95674630796798,0.0036438307296738,0.0144177137864971,0.0182631984578594
PTPW,41.0300000000,5.08345176320763,0.196716728431983,0.244890856556728,0.069289332870902,0.0862576569479015,0.15787584229274
PTSN,11.5886700000,2.21115956565615,0.452251395843182,0.825655040306966,0.0270281470059446,0.0493440728115603,0.0377382269217721
PTSP,-104.0600000000,1.65050865150254,0.605873831130572,1.5372585709509,-0.0729458650876383,-0.185082521409039,-0.0787862402459018
PUDP,-38.8900000000,2.52710177226329,0.395710220686678,0.654835203627537,-0.0254343672655008,-0.0420896863329426,-0.377261505089931
PURA,1.1400000000,0.245445584233927,4.07422281855733,0.0992349335338485,0.627931731602862,0.0152943926791586,0.0752509057704661
PURE,50.0000000000,1.0101222220325,0.989979210622521,98.7925375267778,-0.0990600618587543,-9.88545494044466,-4.49964768801553
PURI,7.4200000000,2.35643203978433,0.424370396903755,0.737228236041225,0.0268137883583275,0.04658167025132,0.107507312962
PWON,14.9912884248,2.79077935093423,0.358322846148781,0.55841608821227,0.0278989064731659,0.0434781046913112,0.211178717534995
PYFA,29.8400000000,1.41151416284872,0.708459062133531,2.43005002082423,0.0254395647068807,0.0872589794525957,0.0392843244986671
PZZA,4.4000000000,2.09023379911886,0.478415381294452,0.917234450819828,0.00628870814223237,0.0120569279014391,0.00531674831088928
RAJA,0.4292100000,1.99566217965448,0.5010868122846,1.00435671900988,0.00485395546157198,0.0097290582431765,0.0164442122935626
RALS,15.6200000000,3.77613841228397,0.26482080125743,0.360212587230939,0.0211582123608146,0.0287796667764853,0.0519762101554226
RANC,17.0000000000,1.59467649568589,0.627086435841575,1.68158655547099,0.0195008648701624,0.0522932570558841,0.0125726797970823
RBMS,-15.4700000000,3.68529701030805,0.271348549981976,0.372398284495644,-0.034826101344262,-0.0477952817405366,-1.21313405530277
RDTX,437.0500000000,9.86464126509425,0.101372160743287,0.112807723414329,0.0374681091936187,0.0416948012923903,0.401040443508306
REAL,0.1500000000,217.63988644463,0.004594746010651,0.00461595515217179,0.00284634191151559,0.0028594804981269,0.0842942308718187
RELI,11.6000000000,4.74395179241935,0.210794722155052,0.26709745622921,0.0329981321480623,0.041811849305125,0.430193973277582
RICY,-78.6600000000,1.22848486332729,0.81401084364324,4.37665754062471,-0.0301701274455153,-0.162214443231538,-0.0507932402408637
RISE,2.7000000000,4.70584194743383,0.212501824576857,0.269844211972522,0.00729459133416505,0.00926299458439441,0.0876665011601191
ROCK,-1.9000000000,3.62137952453882,0.276137862166586,0.381478527103369,-0.00257767961823557,-0.00356100904234445,-0.0413173224287849
RODA,1.2000000000,2.45898704535578,0.406671520245979,0.685407045376574,0.00557369617192466,0.00939394679695026,0.0675695037691411
RONY,-2.3800000000,5.80447326630821,0.172280920958746,0.208139361917692,-0.0769814230579121,-0.0930042873327018,-1.44048769714128
ROTI,34.2900000000,3.26017651319385,0.30673185821474,0.442443319874563,0.0492500105871287,0.0710403487751552,0.0861458019445638
RSGK,75.0000000000,5.10415506225418,0.195918812771798,0.243655511263933,0.0656351760041382,0.0816275483703248,0.202686366314824
RUIS,18.4600000000,1.54471236837206,0.647369711329417,1.83583127181162,0.0107809886161194,0.0305730646586364,0.0120640697371574
RUNS,-6.6100000000,69.4710395294997,0.0143944873543366,0.0146047147359164,-0.0705749249187454,-0.0716056515646924,-1.97907918130213
SAFE,0.2500000000,0.815953043168724,1.22556072113726,-5.43339600511159,0.000495180497063246,-0.00219533123748937,0.00120602374446946
SAME,24.5900000000,14.8181851666787,0.067484647327034,0.0723684035159268,0.0323978901381794,0.0347424737247638,0.148646101908066
SAMF,18.5900000000,1.90032055528802,0.526227007973629,1.11071550474607,0.058681633013773,0.12386023264599,0.078271683217797
SANF,52.0000000000,1.31270216737393,0.761787422047535,3.1979311445072,0.00913114012472394,0.038331897514438,0.10376589275843
SAPX,38.5000000000,2.79633060523525,0.357611506353296,0.556690398240495,0.1332860573924,0.20748512576208,0.0747304829680776
SATU,-5.9700000000,1.40649047914844,0.71098952664468,2.46008221913316,-0.0313485243775457,-0.108468471794808,-0.641389614961678
SBAT,-15.7200000000,1.33514427275802,0.748982728236769,2.98378961326309,-0.0614845876558802,-0.244941661679259,-0.276163477490533
SBMA,2.8800000000,5.68131876800379,0.176015471202184,0.213615019518618,0.0110594406406487,0.0134219032689659,0.0435961445862494
SCMA,84.1300000000,3.51059253976537,0.284852197648331,0.398312344261748,0.155571513962026,0.21753756838859,0.247599738578062
SCNP,0.0000000000,4.23070576846001,0.236367181914426,0.309529889649057,-0.0383140910758271,-0.0501734474585317,-0.0585212878487345
SDMU,-7.7800000000,0.993774847631421,1.00626414764211,-160.638638348414,-0.0505871001579722,8.07565578721352,-0.146649863298552
SDPC,10.0000000000,1.20785924490415,0.827911037001135,4.81094791074195,0.00715796425172704,0.0415945574137388,0.00440841651306894
SDRA,67.6800000000,1.27172479512173,0.786333650044373,3.68019414478544,0.0107928279186036,0.0505125300303255,0.223071440699146
SFAN,1.2900000000,3.15103451984951,0.31735609169009,0.464892585763786,0.00250371375377277,0.00366767171477655,0.0557523451266299
SGER,46.0000000000,1.42715820009984,0.700693167674086,2.34105303320007,0.0720743502785033,0.240804226613918,0.0330965105245937
SGRO,280.0000000000,1.78351569413661,0.5606903282587,1.27629862105307,0.0533856748814653,0.121521738116667,0.133439331036716
SHID,-20.9700000000,2.6040448205369,0.384017967783604,0.623423976186203,-0.0169674607342603,-0.0275453825709962,-0.458115314932353
SHIP,75.8271000000,2.02516955807064,0.49378581463208,0.975448394977696,0.0675120271393474,0.133366525654114,0.254710221744367
SIDO,29.0726083875,6.21700097235018,0.160849259063567,0.191681007019156,0.237067337414024,0.282508643380894,0.311729408883318
SILO,330.4400000000,3.49654363441248,0.285996716917285,0.400553784126162,0.061901622891297,0.0866965521839567,0.0773614958041588
SIMP,36.3342194950,2.10467207538763,0.475133400444733,0.90524602031702,0.0218396159287465,0.0416098413334965,0.0565603310977116
SINI,13.0000000000,1.24448595788957,0.803544623111556,4.09021445907203,0.0340457533154129,0.173300185796114,0.0239055359416382
SIPD,-53.3700000000,1.43593524141392,0.696410235753622,2.29391869479648,-0.025252300401603,-0.0831790243794569,-0.0174987647441074
SKBM,1.2300000000,2.01020081838887,0.497462736484943,0.989902187561933,0.000525600655212834,0.001045893893592,0.000361364120927634
SKLT,64.5715647425,2.24773379101576,0.444892541989191,0.801453008005753,0.0559865047766705,0.100857057437662,0.0437022483149543
SKRN,3.9200000000,1.59356649334779,0.627523234313984,1.68473121580679,0.00389489610157721,0.0104567491462285,0.022634293644443
SLIS,10.0100000000,2.10096801872133,0.475971071948353,0.908291597026954,0.0528157051531758,0.100787766334859,0.0623498777382844
SMAR,625.0000000000,1.56418093536036,0.639312228779735,1.77248102040399,0.0467088335456187,0.129499354490437,0.0444850667289745
SMBR,2.0000000000,2.42431518619672,0.412487619470307,0.702091790982197,0.00285798251620713,0.00486454857960681,0.0136976870282359
SMCB,58.0000000000,2.08292222922398,0.480094737081262,0.923427345947642,0.0218223821844323,0.0419737666472576,0.0568267390825397
SMDM,18.8200000000,6.67730537187383,0.149761010513643,0.176139899916982,0.030169163596721,0.0354831570532264,0.229312542058348
SMDR,225.1162014741,1.87338840617173,0.533792136593553,1.14496596581037,0.114255443025036,0.245074036697289,0.174051434580062
SMFP,46.6250000000,1.83264281175718,0.545660067299846,1.20099517569802,0.0130304276123083,0.0286799083119728,0.236228370415431
SMGR,234.0000000000,2.04168856576636,0.489790664828767,0.959979818214003,0.018845660834469,0.0369371148964652,0.0569966334209235
SMKL,21.2000000000,1.70147344395327,0.587725893433024,1.42557071635432,0.0382688511831101,0.0928238047782734,0.0469678835116041
SMMA,239.0000000000,1.25976270134718,0.793800291857039,3.84966738801923,0.0136113326207002,0.0660104359180923,0.0634975432372736
SMMT,38.2500000000,3.47020830356841,0.288167139411113,0.404824159385838,0.131622304898988,0.184906193836147,0.392882804011592
SMRA,11.2000000000,1.71934307779726,0.58161748688409,1.39015725717714,0.00920632651345589,0.0220045681280789,0.0618135193164196
SMSM,85.0000000000,3.90184615104468,0.256288936387782,0.34460820730968,0.140211961216843,0.188530153815153,0.178888741502348
SNLK,-12.0000000000,3.96319650007767,0.252321579306099,0.337473400759548,-0.0267906830863535,-0.0358318260161765,-0.436930879250486
SOCI,18.5991000000,2.38097696384066,0.41999566362328,0.72412504059364,0.0140964041376413,0.0243039633560352,0.0932047989084421
SOSS,19.6700000000,1.97598830982294,0.506075868480015,1.02460243625399,0.0490091034105368,0.0992239501635968,0.0159191364595752
SOTS,-20.4463988736,2.70785041468067,0.369296617929291,0.585531374061808,-0.0462278771136613,-0.0732957495199838,-2.38550211983191
SPMA,80.0000000000,2.68574908346177,0.372335601325445,0.593208093547618,0.0700170301422771,0.111551699108843,0.0977577306030329
SPTO,48.0600000000,2.85959190586385,0.349700248468815,0.537752394407988,0.0457945847386382,0.0704207323327604,0.0906485402577188
SQMI,-0.7200000000,0.694567635016671,1.43974459733644,-3.27404726756636,-0.0260112662080081,0.059150848846262,-3.242133244686
SRAJ,18.5000000000,1.59359158788977,0.627513352605104,1.68465999249589,0.0416837669588188,0.111906741490863,0.143964236191469
SRSN,2.5100000000,2.62372596373395,0.381137364885795,0.615867469225155,0.015659681997659,0.025303970718428,0.0218329644794151
SRTG,1032.0000000000,11.7087266219036,0.0854063838273664,0.0933817843434909,0.284822141584382,0.311419341386066,0.957081543312939
SSIA,-59.1395527378,2.02876621274368,0.492910417039926,0.972038143955986,-0.034887875094841,-0.0688002204485985,-0.195919967965634
SSMM,-6.3900000000,0.474430715546805,2.10778932988656,-1.90269871086627,-0.0932786430860346,0.0842025108651181,-0.440860861864421
SSMS,107.9200000000,1.7277388106559,0.578791188710041,1.37411937546483,0.077212028771626,0.183310573525665,0.280350056524904
SSTM,58.0000000000,2.33107105686551,0.42898735199632,0.751274693294632,0.151705890631871,0.265678687087319,0.425375699151431
STAR,1.8290000000,243.879554288305,0.00410038472851167,0.00411726710768322,0.0173308391458288,0.0174021948397925,3.12407578137434
STTP,330.8000000000,6.18981450895591,0.16155572974814,0.192685113942768,0.116827245324148,0.139338116401052,0.142301544906738
SULI,2.2032780000,0.846195600007763,1.18175986732952,-6.5017645792349,0.00669446444503611,-0.0368313673606471,0.0141177267208153
SUPR,-482.0000000000,1.20954811911926,0.826755037020067,4.77217359050048,-0.0509443225728387,-0.294059473340877,-0.353087617990863
SWAT,0.5100000000,1.85970192883409,0.537720580107658,1.1631938541259,0.00199673457528988,0.00431932396158777,0.00748019077372813
TAFS,312.0000000000,1.17207873520131,0.853185003674898,5.81129329449176,0.0122137534649089,0.0831914570761096,0.136122837423112
TALF,9.1700000000,3.07528895908315,0.325172695413355,0.481860608192988,0.00895599481744948,0.0132715359271589,0.0183342188515833
TAMA,1.4200000000,1.41820241676194,0.705117963543745,2.39118656401557,0.00796539016959147,0.0270121241202603,0.0346486285685579
TAMU,-1.3162440000,1.92133133017949,0.520472437154596,1.085385862006,-0.0450183420781763,-0.0938806141007787,-0.472820729368601
TAPG,515.0520000000,2.55615659945348,0.391212338169659,0.642608848204093,0.0613406161187111,0.100758638790885,0.165358857692118
TARA,1.4675462604,41.1419626542456,0.0243060839951641,0.0249115871242592,0.0142580725550425,0.0146132637717215,0.447562597031185
TAXI,-3.2000000000,0.417365127422885,2.39598359876094,-1.71634079432423,-0.315121443836818,0.225734345386663,-5.5509817627549
TBIG,51.8200000000,1.30022441606097,0.769098001581529,3.33084168543083,0.0269291027523234,0.116625680751012,0.245480037370607
TBLA,104.4600000000,1.43756706270266,0.695619721642743,2.28536397100695,0.026683071669077,0.087663602297382,0.049891891541036
TBMS,143.0700000000,1.67341694177466,0.597579703561204,1.48496412544165,0.0356404525302724,0.0885652459522328,0.00903320516407445
TCPI,12.0000000000,2.11253695258227,0.473364500809156,0.898846548583342,0.0219314668105166,0.0416444900585195,0.0531513202810516
TEBE,82.6100000000,5.29477348825225,0.188865492021282,0.232841150467041,0.113830891607822,0.140335407368477,0.369740562544464
TECH,2.4400000000,10.7041550486,0.0934216662090293,0.10304864204991,0.0482758857831462,0.0532506502568559,0.19775124843963
TFAS,23.1800000000,3.68667378593337,0.27124721580074,0.372207450430233,0.138738742674667,0.190378336361502,0.0783384579378363
TFCO,27.1833000000,11.6789383962564,0.0856242208042254,0.0936422669458009,0.0281902828925382,0.0308300848884389,0.060476549191828
TGKA,381.0800000000,1.825503660484,0.54779402618939,1.21138166657394,0.0978253323076263,0.216329146391588,0.0390399205813852
TIFA,12.1520366227,3.42449906628328,0.292013512237669,0.412456335375284,0.011392908305143,0.0160919855139489,0.199128454308493
TINS,82.0000000000,1.68032979147751,0.595121270283912,1.46987536416454,0.0443361515374367,0.109504768424181,0.0631023717517806
TIRA,0.2400000000,1.82582009122942,0.547699088647146,1.21091749961094,0.000398821686699039,0.000881761846347255,0.000813962168183918
TIRT,-113.7200000000,0.365274916197183,2.73766403237001,-1.57548523844169,-0.395608865290772,0.227667062171505,-7.33969190257091
TKIM,806.9148000000,2.15588859093879,0.463845861146538,0.865135280198431,0.0559760068682921,0.104402825254681,0.235944823028286
TLKM,190.510000000000000,1.930501930501930,0.518000000000000,0.518000000000000,0.104109533468560,0.104109533468560,0.242005601501278
TMAS,109.0000000000,1.66581950976976,0.600305131579479,1.50190852825234,0.157245954117737,0.393414993640343,0.264598334845425
TNCA,5.2400000000,5.52036724799469,0.181147368476845,0.221220963947922,0.0428767082788611,0.0523619350152246,0.0399621112545185
TOBA,60.0894000000,1.67480774150478,0.597083459323827,1.48190356822235,0.0564448114109958,0.140090578848588,0.156731153753646
TOPS,0.0200000000,1.56996384858201,0.636957341981599,1.75449724133882,0.000307991640340891,0.000848362123674404,0.00159509872837674
TOTL,22.2100000000,1.79082798823133,0.558400922127439,1.26449748223565,0.0283162971523702,0.0641221836077789,0.0557640589128053
TOTO,5.3300000000,2.54482438518656,0.3929544238184,0.647322769881854,0.0173166411619777,0.0285260972839993,0.0421759574074808
TOWR,52.0000000000,1.28163248465757,0.780254879593804,3.55072676085601,0.0499538609927513,0.227326372027795,0.429936575540707
TOYS,-2.3300000000,3.58587164470394,0.27887222385021,0.386716797041367,-0.00904014792837342,-0.0125361249800141,-0.0385293229511078
TPIA,108.7332000000,2.77193527919165,0.360758783766272,0.564354698359072,0.0360853089425069,0.0564502225859493,0.0880736636972823
TPMA,18.5991000000,4.20937027791573,0.23756522566961,0.311587605481731,0.034147060337955,0.0447868611028986,0.112857565265214
TRAC,162.0000000000,1.73883531804124,0.575097589532789,1.35348158863215,0.0187514520540383,0.0441311971692975,0.0349759384353461
TRIM,6.5300000000,1.38101336482659,0.724105953982254,2.62457985025047,0.0147206303679502,0.0533561002146575,0.155618361267284
TRIN,-4.7200000000,1.64648582354105,0.607354151309564,1.54682432867998,-0.0202944971486514,-0.0516865190765117,-14.6733646613922
TRIS,1.2900000000,2.66565757846855,0.375141956745439,0.600363491828512,0.0117972699629903,0.0188799201520148,0.0159588222503242
TRJA,21.0000000000,2.01985478003046,0.495085097149866,0.980531757639195,0.0523937977610226,0.103767580369031,0.10702645779997
TRST,51.5000000000,2.11075986680761,0.473763034689699,0.900284597852869,0.0314558429621025,0.0597750538933619,0.0541124776475417
1,23.3800000000,1.53643542288752,0.650857162691963,1.86415728218916,0.0281547806730727,0.0806397200932197,0.114360230993718
TRUK,-6.7300000000,3.94230930680398,0.253658432704434,0.339869094553566,-0.0361339577290491,-0.0484147732250578,-0.0973975287160842
TRUS,22.3000000000,13.9701784534663,0.0715810469659304,0.0770999414994747,0.0516511713642684,0.0556334736548328,0.502616928815365
TSPC,121.0000000000,3.28882011838177,0.304060411942517,0.436906330894633,0.0611967798853662,0.087934040447648,0.0705180843661602
TUFI,65.1000000000,1.14479518675548,0.873518697116601,6.90630691812117,0.00893080608118882,0.0706096939041018,0.0694865221616265
TUGU,0.1240000000,1.71550732108537,0.582917943694533,1.39760973861606,0.010996528059187,0.0263653827656714,0.0456954026094275
TURI,66.0000000000,2.96006591288886,0.337830315077024,0.51018692454385,0.0577322505771275,0.0871864899460671,0.0419573546400132
UCID,91.0000000000,2.6150963656711,0.382395086134187,0.619158101804335,0.0485509610963809,0.0786116820095922,0.0564812420845592
UFOE,3.5000000000,1.71956215055536,0.581543388633574,1.38973401981774,0.0192850845325876,0.0460862225825854,0.0155794706270292
ULTJ,82.0000000000,2.13204698752466,0.46903281487291,0.88335555946013,0.10140939440968,0.190989946742955,0.190763728105824
UNIC,1.6224138000,5.20552021880426,0.192103758695938,0.237782711287101,0.146124745536644,0.180870683716485,0.155922691772937
UNIQ,-5.0900000000,2.67802604226719,0.373409363545027,0.595938307756473,-0.0302747267611001,-0.0483165961948996,-0.067941223421003
UNSP,-17.8508000000,0.530318662838493,1.88565869933291,-2.12910311924132,-0.0100555546258848,0.011353758093788,-0.0279715494107532
UNTR,2.0960000000,2.68488586122578,0.372455311580155,0.593512013491813,0.0728673548907034,0.116115005409707,0.139494845299136
UNVR,115.0000000000,1.35793118214131,0.73641434348912,2.79383314417462,0.216699343007351,0.822121149822153,0.145816268186682
URBN,6.8100000000,2.27891539095244,0.438805233388706,0.781912554242759,0.00722102439904128,0.0128672340311449,0.524986247417887
VICI,17.0400000000,3.82680354438828,0.261314694731697,0.353756454701347,0.118774275160598,0.160791441651134,0.137324802607917
VICO,2.6452681471,1.22107406777333,0.818951140141344,6.43825639792113,0.00188494271009828,0.0148186428568992,0.0257561150136962
VINS,3.2900000000,2.41227843538621,0.414545844016508,0.708075670451296,0.0149187243046431,0.0254823100189313,0.0522675365255569
VIVA,-6.4630000000,1.01157508732051,0.988557362211077,86.3924368180242,-0.0120937444320301,-1.05690179616952,-0.0786717703509805
VOKS,-31.1600000000,1.52270276670532,0.656726986950777,1.91313316802043,-0.0452373220683678,-0.131782343349785,-0.105869593441536
VRNA,4.2600000000,1.39400143761867,0.71735937497186,2.53806180516491,0.0104236689453196,0.0368795849651188,0.107913777796219
WAPO,-0.0131000000,7.39740345783616,0.135182568545817,0.156313417871919,-0.018769293322608,-0.0217031857129054,-0.00701063157157769
WEGE,15.7400000000,1.67173813377119,0.598179810461194,1.4886753479156,0.0262719206617865,0.0653822812933825,0.0618561099039416
WEHA,-12.4000000000,2.07084246541808,0.482895254805445,0.93384417623892,-0.0531035884158466,-0.102694065195374,-0.188933826235584
WICO,-59.5300000000,1.19789857294172,0.834795217715522,5.05309353743784,-0.0924695670786974,-0.559726938893738,-0.0371637832845312
WIFI,3.7300000000,2.78003348472275,0.359707897583013,0.561787184669593,0.0110826119254025,0.01730868127776,0.0247696371621279
WIIM,51.8200000000,3.54029673306012,0.282462198906031,0.393654799057813,0.0627769744488602,0.0874894317109837,0.0571083157104468
WIKA,11.7000000000,1.34892730681447,0.74132979216021,2.86592645651469,0.00273682740433478,0.0105803734693323,0.0163320506819986
WINS,1.5737700000,3.37764521650693,0.296064250653943,0.420584195260692,0.00248418819040776,0.00352899848134652,0.0165741461726186
WMUU,11.1300000000,2.22883906120231,0.448664067947807,0.813776214943548,0.0684659868785949,0.124181978533032,0.0659276760027647
WOMF,21.7200000000,1.36465692666197,0.732784907666177,2.74230359245852,0.0156793049055019,0.0586767190751122,0.0659542759575112
WOOD,74.6000000000,2.12870550748784,0.469769066919986,0.885970692413557,0.0548700473206092,0.103483301138014,0.101105644153793
WOWS,0.1200000000,4.75108190777339,0.210478375117859,0.26658975319299,0.000385528184672762,0.000488306048273615,0.00383733580953224
WSBP,-11.3800000000,1.09545202395508,0.912865171757634,10.4764672194969,-0.0277342642106861,-0.318291374070804,-0.375073672639283
WSKT,12.8486587432,1.17376575318295,0.851958746699037,5.75487391319925,0.000632156595723173,0.00427013809750731,0.00936359428421631
WTON,6.1976878785,1.67580972412121,0.596726457429047,1.47970643852506,0.00605166169817076,0.0150063444767295,0.0207007505485028
YELO,-42.9400000000,4.37167521273308,0.228745263849283,0.296588472170604,-0.651091191322962,-0.844197333001178,-1.50494704872824
YPAS,-6.2000000000,1.99600898418346,0.500999748961093,1.00400700784824,-0.0162237273111696,-0.0325124632250028,-0.0167739704409717
YULE,52.4600000000,29.012712283142,0.0344676495682568,0.0356980784256938,0.178131511015518,0.184490463665837,12.5966759867677
ZBRA,25.3700000000,1.76012636312909,0.568141027228429,1.31557073732249,0.00984719681936227,0.0228018807995704,0.0116595455352271
ZINC,2.6200000000,1.78628564548943,0.559820878886372,1.27180243685811,0.0329165798053279,0.0747799662147782,0.106838310134069
ZONE,8.0000000000,2.01160501748422,0.497115483063684,0.988528113953921,0.0132672322578891,0.0263822643391688,0.0217428074287922
ZYRX,35.3900000000,1.6911212370304,0.591323660363934,1.44692413779207,0.102571172612735,0.250983878107739,0.104429616097533
